iso3,iso2,country,country_number,continent_code,continent_name,port_country,sub-region,GDP_cap,GDP_cap_ln,area,landlocked,maritime,island,LPI_customs,LPI_logistics,LPI_infrastructure,border_dwell,border_USD_t,container_cost_US_TEU,drybulk_cost_US_tonnes,breakbulk_cost_US_tonnes,liquidbulk_cost_US_tonnes,vehicle_cost_US_tonnes,container_dwell,air_cost_US_tonnes,air_dwell_import,air_dwell_export,road_cost_tonnes_km,rail_cost_tonnes_km,IWW_cost_tonnes_km,air_cost_tonne_h_shipper,air_cost_tonne_h_carrier,sea_cost_tonne_h_shipper,sea_cost_tonne_h_carrier,road_cost_tonne_h_shipper,road_cost_tonne_h_carrier,IWW_cost_tonne_h_shipper,IWW_cost_tonne_h_carrier,rail_cost_tonne_h_shipper,rail_cost_tonne_h_carrier
AFG,AF,"Afghanistan, Islamic Republic of",4,AS,Asia,,Southern Asia,520.8966027,6.255551563,652225,1,0,0,1.7349,1.919246,1.807143,2,18.11111111,,9.886566864,20.58223752,5.850859375,47.40287809,,71.559103,451.4519651,48.62841524,0.087582802,0.041913267,0.033993533,0.85210603,5.584281012,0.007012617,0.04595722,0.059010239,0.386723887,0.003279566,0.021492649,0.01005139,0.065871835
BHR,BH,"Bahrain, Kingdom of",48,AS,Asia,Bahrain,Western Asia,24050.75751,10.08792177,678,0,1,1,2.669956,2.857267,2.72488,1.208333333,1.888888889,113.3,9.886566864,20.58223752,5.850859375,47.40287809,4.1185765,92.56909196,69.91409993,19.85792568,0.055519712,0.027081974,0.033993533,18.28080964,119.8033749,0.150446439,0.985951471,1.265986748,8.29665031,0.070358749,0.461096402,0.215639307,1.413193244
BGD,BD,"Bangladesh, People's Republic of",50,AS,Asia,Bangladesh,Southern Asia,1698.262802,7.437361127,143998,0,1,0,2.3,2.483444,2.38868,2.493962031,5.404198648,110,9.886566864,20.58223752,5.850859375,47.40287809,3.0069445,82.86214564,147.0236133,28.37539465,0.095911737,0.049172715,0.06556362,2.193291404,14.37374588,0.018050233,0.118292293,0.15189031,0.995413888,0.008441488,0.055321334,0.025871931,0.169551823
BTN,BT,"Bhutan, Kingdom of",64,AS,Asia,,Southern Asia,3243.231125,8.084325373,46620,1,0,0,2.136382,2.346263,1.908333,0.208333333,2.366666667,,9.886566864,20.58223752,5.850859375,47.40287809,,79.77794137,193.1312206,32.34631894,0.080725884,0.039223275,0.033993533,3.68022811,24.11839281,0.030287346,0.198488272,0.254863986,1.670252373,0.014164375,0.092826301,0.043411745,0.284499079
BRN,BN,Brunei Darussalam,96,AS,Asia,Brunei,South-eastern Asia,31628.32879,10.36180848,5765,0,1,0,2.622014,2.709827,2.460946,1.972092689,2.098229928,160,9.886566864,20.58223752,5.850859375,47.40287809,4.875,141.4314371,93.73235504,22.85971403,0.059296108,0.029562499,0.033993533,22.75901251,149.1512992,0.187300916,1.227477464,1.576112263,10.32905938,0.08759435,0.57405,0.268463912,1.759379555
MMR,MM,"Myanmar, Union of",104,AS,Asia,Myanmar,South-eastern Asia,1325.952924,7.189886668,678500,0,1,0,2.166667,2.279251,1.994689,2.748580107,7.99575345,114.5,9.886566864,20.58223752,5.850859375,47.40287809,4.317476667,78.35492746,220.6591988,34.4835371,0.077470809,0.028287099,0.017374272,1.799346912,11.79202874,0.01480817,0.097045414,0.124608778,0.816624231,0.006925284,0.045384882,0.021224986,0.139098046
KHM,KH,"Cambodia, Kingdom of",116,AS,Asia,Cambodia,South-eastern Asia,1510.324871,7.320080053,181035,0,1,0,2.369744,2.408093,2.144546,2.370315175,4.40291682,130,9.886566864,20.58223752,5.850859375,47.40287809,2.30260425,81.13890619,170.7882362,30.49205334,0.068779539,0.034190969,0.033993533,1.99686506,13.08646488,0.016433694,0.107698296,0.138287349,0.906266814,0.007685487,0.050366877,0.023554897,0.154367135
LKA,LK,"Sri Lanka, Democratic Socialist Republic of",144,AS,Asia,Sri Lanka,Southern Asia,4102.48135,8.319347277,65610,0,1,1,2.582417,2.423826,2.489011,2.02985641,2.3570968,185.7109537,9.886566864,20.58223752,5.850859375,47.40287809,2.177083333,55.1668,165.5279768,30.03743781,0.058735343,0.029245667,0.033993533,4.441500457,29.10739484,0.036552425,0.239546497,0.30758379,2.015751866,0.017094342,0.112027854,0.052391666,0.34334904
CHN,CN,"China, People's Republic of",156,AS,Asia,China,Eastern Asia,9770.847088,9.187158444,9572378,0,1,0,3.285924,3.594975,3.753218,1.215365371,0.298351283,86,9.886566864,20.58223752,5.850859375,47.40287809,5.310026839,70,16.12509521,9.818353753,0.082988169,0.033079674,0.03,8.892793182,58.27896336,0.073185438,0.479621127,0.615845717,4.035947901,0.034226373,0.224302699,0.104898842,0.687455069
TWN,TW,Taiwan,158,AS,Asia,Taiwan,Eastern Asia,25007.8,10.12694306,35875,0,1,1,3.474167,3.565054,3.720193,1.059501544,0.17160765,185,9.886566864,20.58223752,5.850859375,47.40287809,4.07595475,117.6136895,17.11359165,10.10288953,0.069603363,0.025638926,0.033993533,18.86048292,123.6022665,0.155217004,1.017215388,1.306130413,8.559732012,0.072589782,0.475717486,0.222477097,1.458004737
PSE,PS,"Palestinian Territory, Occupied",275,AS,Asia,,Western Asia,3198.866644,8.070551852,6256,0,1,0,2.686192268,2.852105,2.804838024,0.25,2.044444444,,9.886566864,20.58223752,5.850859375,47.40287809,,92.42077343,70.63541794,19.95603865,0.05499304,0.026532432,0.033993533,3.639898951,23.85409547,0.029955448,0.196313172,0.252071102,1.651949194,0.014009157,0.09180908,0.042936024,0.281381444
HKG,HK,"Hong Kong, Special Administrative Region of China",344,AS,Asia,Hong Kong,Eastern Asia,48675.61646,10.79293349,1092,0,1,0,3.814775,3.931662,3.969004,0.041666667,0,280,9.886566864,20.58223752,5.850859375,47.40287809,3.361979,207.5848697,6,4.5,0.082802122,0.027072658,0.033993533,32.13228328,210.5790747,0.264440564,1.733012519,2.225232122,14.58306953,0.123669973,0.810471773,0.379030438,2.483977819
IND,IN,"India, Republic of",356,AS,Asia,India,Southern Asia,2009.978857,7.605879482,3287590,0,1,0,2.964512,3.128073,2.905174,1.536309638,0.767075313,93,9.886566864,20.58223752,5.850859375,47.40287809,2.8752546,62.62620741,126.3333333,36.5,0.043208237,0.022673799,0.025053053,2.509837536,16.44823249,0.020655328,0.135364793,0.173811835,1.139076703,0.009659803,0.063305569,0.029605889,0.194022339
IDN,ID,"Indonesia, Republic of",360,AS,Asia,Indonesia,South-eastern Asia,3893.596078,8.267088451,1933658,0,1,0,2.672778,3.1,2.895,1.900436706,1.807507249,95,9.886566864,20.58223752,5.850859375,47.40287809,4.036736175,318.27,43.14672521,15.75009344,0.084984467,0.026013758,0.033993533,4.259642342,27.9155868,0.035055779,0.229738218,0.294989711,1.933216506,0.016394411,0.107440852,0.050246479,0.329290546
IRN,IR,"Iran, Islamic Republic of",364,AS,Asia,Iran,Southern Asia,5627.749268,8.635464867,1648100,0,1,0,2.625,2.838132,2.766704,1.967803986,2.079902846,218.5542593,9.886566864,20.58223752,5.850859375,47.40287809,4.208333333,92.02143646,72.62550788,20.22405919,0.055210269,0.026783718,0.033993533,5.71952827,37.48295633,0.047070271,0.308475249,0.39609006,2.595778137,0.022013185,0.144263518,0.067467204,0.442146648
IRQ,IQ,"Iraq, Republic of",368,AS,Asia,Iraq,Western Asia,5834.166211,8.67148664,437072,0,1,0,1.839437,1.908431,2.0335,3.489173035,20.9118786,195.7,9.886566864,20.58223752,5.850859375,47.40287809,8.803993,71.3754416,461.2655892,49.13315171,0.073768856,0.036359442,0.033993533,5.886748162,38.5788327,0.048446448,0.317494035,0.40767041,2.671670015,0.022656777,0.148481301,0.069439719,0.455073539
ISR,IL,"Israel, State of",376,AS,Asia,Israel,Western Asia,41715.02928,10.63861676,21621,0,1,0,3.316621,3.389333,3.328609,1.188466542,0.272621213,250,9.886566864,20.58223752,5.850859375,47.40287809,2.236053167,110.4242122,24.27104892,11.94839052,0.05823097,0.024869563,0.033993533,28.40053106,186.1230184,0.233729187,1.531745361,1.966799976,12.88943321,0.109307294,0.71634588,0.335010918,2.195495682
JPN,JP,Japan,392,AS,Asia,Japan,Eastern Asia,39289.95843,10.57872425,377801,0,1,1,3.99399,4.088451,4.24824,0,0,233,9.886566864,20.58223752,5.850859375,47.40287809,4.96123709,143.9522064,6.044372595,6.129369265,0.106390741,0.02972621,0.033993533,27.07183375,177.4153941,0.222794344,1.460083816,1.87478473,12.28641084,0.104193435,0.682832181,0.319337686,2.092781081
JOR,JO,"Jordan, Hashemite Kingdom of",400,AS,Asia,Jordan,Western Asia,4241.788782,8.352740342,91862,0,1,0,2.491395,2.545078,2.718464,2.169134709,3.07976941,147.29,9.886566864,20.58223752,5.850859375,47.40287809,2.125,84.32648435,130.0654116,26.75377002,0.055573843,0.027129868,0.033993533,4.56175178,29.89546247,0.037542063,0.246032094,0.315911462,2.070327303,0.017557163,0.11506095,0.053810144,0.352645037
PRK,KP,"Korea, Democratic People's Republic of",408,AS,Asia,,Eastern Asia,1800,7.495541944,120538,0,1,0,2.686192268,2.852105,2.804838024,1.881940619,1.737656487,,9.886566864,20.58223752,5.850859375,47.40287809,,92.42077343,70.63541794,19.95603865,0.05499304,0.026532432,0.033993533,2.297790464,15.05858098,0.018910234,0.123928312,0.159127103,1.042840243,0.008843682,0.057957111,0.027104595,0.177630095
KOR,KR,"Korea, Republic of",410,AS,Asia,South Korea,Eastern Asia,31362.75147,10.35337621,99484,0,1,0,3.402588,3.587763,3.725528,1.116262586,0.211772157,99,9.886566864,20.58223752,5.850859375,47.40287809,5.33164724,118.5970746,5,2.5,0.069828666,0.025661523,0.033993533,22.60600108,148.148538,0.186041671,1.219224993,1.56551588,10.25961593,0.087005443,0.570190596,0.266658999,1.747551046
KWT,KW,"Kuwait, State of",414,AS,Asia,Kuwait,Western Asia,33994.40657,10.43395128,17818,0,1,0,2.725455,2.796537,3.021818,1.828831799,1.548339165,74.16,9.886566864,20.58223752,5.850859375,47.40287809,3.316493,90.85101791,78.88771482,21.04340205,0.054911329,0.025454959,0.033993533,24.11117583,158.012708,0.198428878,1.300404618,1.669752581,10.94273166,0.092798524,0.608155581,0.284413948,1.863908189
KGZ,KG,Kyrgyz Republic,417,AS,Asia,,Central Asia,1281.363661,7.15568015,198500,1,0,0,2.75,2.358259,2.375,1.333333333,12,,9.886566864,20.58223752,5.850859375,47.40287809,,80.03833646,188.5789007,31.97795216,0.061273668,0.030620208,0.033993533,1.75077502,11.4737126,0.014408436,0.094425752,0.121245066,0.79458013,0.006738342,0.044159754,0.020652034,0.135343208
LAO,LA,Lao People's Democratic Republic,418,AS,Asia,,South-eastern Asia,2542.486528,7.840897829,236800,1,0,0,2.61287,2.64902,2.441327,0.375,5.6,,9.886566864,20.58223752,5.850859375,47.40287809,,86.91288556,105.7792854,24.22617184,0.056275441,0.029792149,0.033993533,3.029000514,19.8505696,0.024927908,0.163365167,0.209765026,1.374696118,0.011657946,0.076400404,0.035729904,0.234156099
LBN,LB,"Lebanon, Lebanese Republic",422,AS,Asia,Lebanon,Western Asia,8269.787676,9.020364114,10452,0,1,0,2.384615,2.470414,2.637081,2.344754313,4.214689858,147.29,9.886566864,20.58223752,5.850859375,47.40287809,7.9967015,82.55895876,150.8826867,28.73061225,0.056417384,0.027788423,0.033993533,7.781940505,50.99898494,0.064043402,0.419708746,0.538916697,3.531793196,0.029950949,0.19628369,0.091795292,0.601580891
MAC,MO,"Macao, Special Administrative Region of China",446,AS,Asia,Macau,Eastern Asia,87208.53591,11.37605749,25,0,1,0,2.686192268,2.852105,2.804838024,1.881940619,1.737656487,260,9.886566864,20.58223752,5.850859375,47.40287809,4.07595475,92.42077343,70.63541794,19.95603865,0.05499304,0.026532432,0.033993533,51.23180004,335.7478506,0.421624755,2.763119883,3.547916159,23.2512858,0.197179743,1.292218403,0.604327163,3.960461004
MYS,MY,Malaysia,458,AS,Asia,Malaysia,South-eastern Asia,11373.233,9.339017891,329758,0,1,0,2.898268,3.297836,3.147186,0.25,3.7,107,9.886566864,20.58223752,5.850859375,47.40287809,3.96258675,106.9578536,29.11404897,13.0391478,0.055762417,0.025088244,0.033993533,10.04152255,65.80716688,0.082639191,0.541576337,0.695397782,4.557292748,0.038647575,0.253277071,0.118449183,0.776257295
MDV,MV,"Maldives, Republic of",462,AS,Asia,Maldives,Southern Asia,10330.61561,9.242867155,298,0,1,1,2.398724,2.28615,2.717922,2.320758072,4.043552145,510.3976542,9.886566864,20.58223752,5.850859375,47.40287809,1.75,78.49898601,217.6528045,34.25713928,0.055578498,0.02713394,0.033993533,9.298082188,60.93502683,0.076520864,0.501479857,0.643912883,4.219886207,0.035786239,0.234525293,0.109679606,0.71878583
MNG,MN,Mongolia,496,AS,Asia,,Eastern Asia,4121.732435,8.324028848,1565500,1,0,0,2.224493,2.207602,2.096491,5.583333333,9.004444444,,9.886566864,20.58223752,5.850859375,47.40287809,,71.0803,254.4461959,36.9250855,0.070814691,0.035089654,0.033993533,4.458166205,29.2166139,0.03668958,0.240445342,0.308737931,2.023315529,0.017158485,0.112448214,0.052588254,0.344637381
OMN,OM,"Oman, Sultanate of",512,AS,Asia,Oman,Western Asia,16415.15728,9.705960411,212379,0,1,0,2.866667,3.054147,3.155275,1.649910537,1.022550323,147.29,9.886566864,20.58223752,5.850859375,47.40287809,3.340668396,98.55926474,47.26559323,16.45494238,0.055840587,0.025070718,0.033993533,13.46754568,88.2596261,0.110834494,0.726354397,0.932657508,6.112175512,0.051833572,0.339691566,0.158862341,1.041105123
NPL,NP,"Nepal, State of",524,AS,Asia,,Southern Asia,1033.912431,6.941105362,147181,1,0,0,2.289835,2.464161,2.194139,0.458333333,4.114285714,,9.886566864,20.58223752,5.850859375,47.40287809,,82.41424143,152.7704338,28.90265416,0.066862962,0.033323131,0.033993533,1.474617638,9.663913862,0.01213573,0.079531567,0.102120553,0.66924754,0.005675474,0.037194244,0.017394499,0.113994934
PAK,PK,"Pakistan, Islamic Republic of",586,AS,Asia,Pakistan,Southern Asia,1482.403063,7.301419741,882872,0,1,0,2.122048,2.58688,2.197486,2.839465258,9.11573362,123.6,9.886566864,20.58223752,5.850859375,47.40287809,5.102256875,85.34866119,119.6913781,25.70700787,0.030705571,0.032717316,0.033993533,1.967276761,12.89255782,0.01619019,0.10610249,0.136238293,0.892838319,0.007571608,0.049620572,0.023205876,0.152079819
PHL,PH,"Philippines, Republic of the",608,AS,Asia,Philippines,South-eastern Asia,3102.713363,8.040032286,300000,0,1,1,2.529412,2.776028,2.725952,2.109836594,2.754291379,201.5,9.886566864,20.58223752,5.850859375,47.40287809,5.164200378,90.28388028,82.17133306,21.4595266,0.055510842,0.027074028,0.033993533,3.55210458,23.27873464,0.029232922,0.191578098,0.245991147,1.612104176,0.013671256,0.089594644,0.041900407,0.274594523
TLS,TL,"Timor-Leste, Democratic Republic of",626,AS,Asia,Timor-Leste,South-eastern Asia,2035.533908,7.618513426,15006,0,1,0,2.686192268,2.852105,2.804838024,1.881940619,1.737656487,197.55,9.886566864,20.58223752,5.850859375,47.40287809,12,92.42077343,70.63541794,19.95603865,0.05499304,0.026532432,0.033993533,2.535333481,16.6153203,0.020865153,0.136739883,0.175577485,1.150647905,0.009757932,0.063948653,0.029906638,0.195993297
QAT,QA,"Qatar, State of",634,AS,Asia,Qatar,Western Asia,68793.78444,11.13886868,11437,0,1,0,3,3.418651,3.375,1.497069059,0.691124996,185.4,9.886566864,20.58223752,5.850859375,47.40287809,2.676996667,70,22.89656856,11.61856569,0.059115472,0.024871712,0.033993533,42.37715333,277.7188804,0.348753253,2.285556136,2.93471217,19.23265048,0.163100188,1.068877872,0.499878295,3.275954839
SAU,SA,"Saudi Arabia, Kingdom of",682,AS,Asia,Saudi Arabia,Western Asia,23338.96346,10.05787949,2153168,0,1,0,2.660549,2.860055,3.107004,1.917456855,1.873629906,147.29,9.886566864,20.58223752,5.850859375,47.40287809,3.420451333,92.64937757,69.5275839,19.80513557,0.055416387,0.025186228,0.033993533,17.84668959,116.958367,0.146873741,0.962537776,1.235922969,8.099627184,0.068687918,0.450146602,0.210518453,1.379633707
SGP,SG,"Singapore, Republic of",702,AS,Asia,Singapore,South-eastern Asia,64581.94402,11.07569015,646,0,1,1,3.887082,4.099996,4.063787,0,0.051011962,215,9.886566864,20.58223752,5.850859375,47.40287809,2.790277833,202.5915858,4,6,0.089561316,0.02783842,0.033993533,40.28851963,264.0310093,0.331564325,2.172908419,2.790069638,18.28473494,0.155061503,1.016196317,0.475240901,3.114493552
VNM,VN,"Vietnam, Socialist Republic of",704,AS,Asia,Vietnam,South-eastern Asia,2566.59695,7.850336156,331114,0,1,0,2.950154,3.39934,3.00549,1.552476633,0.800125838,114.5,9.886566864,20.58223752,5.850859375,47.40287809,3.931163236,68.841801,23.79286831,11.83477331,0.054849438,0.023369511,0.031976721,3.051958036,20.00102183,0.025116843,0.16460335,0.211354886,1.38511527,0.011746304,0.076979461,0.036000709,0.235930824
SYR,SY,Syrian Arab Republic,760,AS,Asia,Syria,Western Asia,2834,7.94944442,184004,0,1,0,1.819048,2.289377,2.514286,3.541428521,22.20284751,147.29,9.886566864,20.58223752,5.850859375,47.40287809,3.5,78.56655975,216.2606616,34.15175276,0.058264579,0.028971831,0.033993533,3.303788944,21.65139691,0.027189347,0.17818552,0.228794736,1.499407417,0.012715545,0.083331385,0.038971291,0.255398547
TJK,TJ,"Tajikistan, Republic of",762,AS,Asia,,Central Asia,826.6215305,6.717346949,143095,1,0,0,1.923077,2.33284,2.166173,1.104166667,12.53333333,,9.886566864,20.58223752,5.850859375,47.40287809,,79.48862729,198.3554717,32.76353811,0.06792153,0.03380527,0.033993533,1.232928209,8.08000101,0.010146687,0.066496364,0.085383022,0.55955805,0.004745265,0.031098117,0.014543545,0.095311195
THA,TH,"Thailand, Kingdom of",764,AS,Asia,Thailand,South-eastern Asia,7273.563207,8.892001575,513115,0,1,0,3.142497,3.410726,3.138133,1.349340588,0.454711123,82,9.886566864,20.58223752,5.850859375,47.40287809,2.689366396,111.2611831,23.26024008,11.70681265,0.055678331,0.020253576,0.033993533,7.02247485,46.02182308,0.057793192,0.378747963,0.486322011,3.187113661,0.027027935,0.177127706,0.082836682,0.542870596
ARE,AE,United Arab Emirates,784,AS,Asia,United Arab Emirates,Western Asia,43004.95336,10.66907058,83657,0,1,0,3.631403,3.919378,4.021292,0,0.108120785,147.29,9.886566864,20.58223752,5.850859375,47.40287809,3.758311594,134.5424832,8.459751288,7.203158251,0.086392564,0.02747902,0.033993533,29.10095247,190.7132335,0.239493478,1.56952167,2.015305717,13.20731581,0.112003059,0.734012592,0.343273046,2.249641577
TKM,TM,Turkmenistan,795,AS,Asia,Turkmenistan,Central Asia,6966.635411,8.848887663,488100,1,0,0,2.350292,2.307501,2.228861,2.404171133,4.661873984,289.8185186,9.886566864,20.58223752,5.850859375,47.40287809,4.537673542,78.9483461,208.6057067,33.56585921,0.065625621,0.032749753,0.033993533,6.784391246,44.46154102,0.055833824,0.365907236,0.469834191,3.079060656,0.026111605,0.17112253,0.080028262,0.524465604
UZB,UZ,"Uzbekistan, Republic of",860,AS,Asia,,Central Asia,1532.371677,7.33457193,447400,1,0,0,2.103333,2.587714,2.57,2.25,11.32,,9.886566864,20.58223752,5.850859375,47.40287809,,85.36929821,119.493051,25.68654585,0.057337959,0.028405416,0.033993533,2.020150437,13.23906571,0.016625327,0.108954162,0.139899913,0.916834761,0.007775107,0.050954204,0.02382957,0.156167205
YEM,YE,Yemen,887,AS,Asia,Yemen,Western Asia,944.4084994,6.850558805,547244,0,1,0,2.400794,2.259524,2.116794,2.317258185,4.019035135,59.74,9.886566864,20.58223752,5.850859375,47.40287809,3.460225667,77.9460523,229.4867851,35.13918866,0.069932693,0.034702816,0.033993533,1.371577425,8.988639322,0.011287735,0.073974228,0.094984789,0.622483276,0.005278895,0.034595263,0.016179043,0.106029437
ALB,AL,"Albania, Republic of",8,EU,Europe,Albania,Southern Europe,5268.848504,8.569567117,28748,0,1,0,2.347126,2.558898,2.293674,2.409727093,4.705439907,176,9.886566864,20.58223752,5.850859375,47.40287809,4.549131875,84.66178997,126.5398404,26.40307082,0.076371162,0.034509659,0.029090782,5.425815075,35.55810548,0.044653086,0.292634214,0.375749768,2.462477932,0.020882749,0.136855197,0.064002581,0.419441226
AND,AD,"Andorra, Principality of",20,EU,Europe,,Southern Europe,42029.76274,10.64613328,453,1,0,0,3.108181837,3.277510674,3.20799414,1.383525402,0.502944989,,9.886566864,20.58223752,5.850859375,47.40287809,,106.21209,30.31481688,13.29465986,0.067823483,0.027144485,0.029090782,28.57182421,187.2455889,0.235138886,1.540983833,1.978662408,12.96717371,0.109966563,0.720666403,0.337031482,2.208737455
AZE,AZ,"Azerbaijan, Republic of",31,AS,Asia,Azerbaijan,Western Asia,4721.178087,8.459813642,86600,1,0,0,3.108181837,3.277510674,3.20799414,0.414351852,8.565714286,255.0402963,9.886566864,20.58223752,5.850859375,47.40287809,4.537673542,106.21209,30.31481688,13.29465986,0.067823483,0.027144485,0.029090782,4.969729202,32.56914449,0.040899614,0.268035821,0.344164806,2.255485732,0.019127376,0.125351355,0.05862262,0.384183626
AUT,AT,"Austria, Republic of",40,EU,Europe,,Western Europe,51461.95478,10.84859807,83858,1,0,0,3.714068,4.083611,4.181584,0,0,,9.886566864,20.58223752,5.850859375,47.40287809,,143.6694674,6.102824858,6.157759492,0.119819448,0.031497679,0.029090782,33.59552574,220.1684413,0.276482679,1.81193058,2.326564918,15.2471545,0.129301667,0.8473791,0.396290756,2.597093398
ARM,AM,"Armenia, Republic of",51,AS,Asia,,Western Asia,4212.070943,8.345709716,29800,1,0,0,2.573787,2.503441,2.484109,1.105769231,4,,9.886566864,20.58223752,5.850859375,47.40287809,,83.33174592,141.2922311,27.83876918,0.070719623,0.031845973,0.029090782,4.536166225,29.72778741,0.037331501,0.244652171,0.314139605,2.058715432,0.01745869,0.114415607,0.053508338,0.350667153
BEL,BE,"Belgium, Kingdom of",56,EU,Europe,Belgium,Western Europe,47518.63604,10.76887725,33114,0,1,0,3.663064,4.130972,3.984249,0,0.098516936,230,9.886566864,20.58223752,5.850859375,47.40287809,4.715617874,130,5.554326032,5.885511186,0.13,0.02,0.03,31.51981006,206.5652285,0.259400064,1.69997958,2.182816988,14.30510175,0.121312701,0.795023376,0.371805742,2.436630736
BIH,BA,Bosnia and Herzegovina,70,EU,Europe,,Southern Europe,6065.672708,8.710400732,51233,0,1,0,2.631579,2.801754,2.421053,0.217105263,2.8,,9.886566864,20.58223752,5.850859375,47.40287809,,90.99632561,78.07358669,20.93884352,0.072322902,0.032646638,0.029090782,6.072892551,39.79873086,0.04997837,0.327533488,0.420561323,2.756150676,0.023373206,0.153176416,0.071635467,0.469463382
BGR,BG,"Bulgaria, Republic of",100,EU,Europe,Bulgaria,Eastern Europe,9272.629304,9.134822254,110994,0,1,0,2.937588,2.881315,2.762986,0.020833333,0,176,9.886566864,20.58223752,5.850859375,47.40287809,4.549131875,93.2657433,66.64961423,19.40717082,0.066397337,0.029138779,0.029090782,8.52814817,55.8892605,0.070184502,0.459954477,0.590593239,3.87045566,0.032822935,0.215105267,0.100597511,0.659266281
BLR,BY,"Belarus, Republic of",112,EU,Europe,,Eastern Europe,6289.938553,8.746706581,207595,1,0,0,2.349962,2.641731,2.440539,0.306089744,2.6,,9.886566864,20.58223752,5.850859375,47.40287809,,86.7265829,107.3235897,24.39535951,0.071800534,0.032391034,0.029090782,6.251864273,40.97162291,0.051451262,0.337186093,0.432955513,2.837376061,0.024062028,0.157690615,0.073746607,0.483298745
HRV,HR,"Croatia, Republic of",191,EU,Europe,Croatia,Southern Europe,14909.69319,9.60976683,56538,0,1,0,2.978555,3.096154,3.01282,0.005357143,0,143,9.886566864,20.58223752,5.850859375,47.40287809,4.23125,99.92560175,43.47795703,15.80803549,0.065965902,0.027702994,0.029090782,12.47002672,81.72238073,0.102625166,0.672554522,0.8635771,5.659456723,0.047994345,0.31453117,0.147095669,0.963992179
CYP,CY,"Cyprus, Republic of",196,AS,Asia,Cyprus,Western Asia,28689.69858,10.2642934,9251,0,1,1,3.051648,3.004762,2.892454,1.441743532,0.593821092,223,9.886566864,20.58223752,5.850859375,47.40287809,1.3302085,96.99380817,52.14258006,17.24940674,0.065784373,0.02828853,0.029090782,21.05102307,137.957982,0.173244595,1.135359295,1.457830192,9.553897254,0.081020681,0.530969425,0.248316574,1.627343874
CZE,CZ,Czech Republic,203,EU,Europe,,Eastern Europe,23078.57349,10.04665991,78864,1,0,0,3.286673,3.715632,3.4646,0,0,,9.886566864,20.58223752,5.850859375,47.40287809,,124.3826744,12.68546889,8.749988877,0.073499929,0.027109957,0.029090782,17.6872204,115.9132849,0.14556135,0.953937014,1.224879372,8.027252922,0.068074156,0.446124315,0.208637364,1.367305982
DNK,DK,"Denmark, Kingdom of",208,EU,Europe,Denmark,Northern Europe,61350.34791,11.02435612,43094,0,1,0,3.918058,4.007843,3.95873,0,0,150,9.886566864,20.58223752,5.850859375,47.40287809,3.752257,139.3480423,7.095154827,6.619731801,0.098733182,0.029343198,0.029090782,38.66749541,253.4076192,0.318223706,2.085480606,2.677810104,17.54904154,0.148822544,0.975309264,0.456119399,2.989180696
EST,EE,"Estonia, Republic of",233,EU,Europe,Estonia,Northern Europe,23266.34627,10.05476323,45227,0,1,0,3.322037,3.147851,3.098638,1.183782833,0.268317517,99,9.886566864,20.58223752,5.850859375,47.40287809,4.63528309,101.6522542,39.23061818,15.04670547,0.066539632,0.027399389,0.029090782,17.80225299,116.6671516,0.146508039,0.960141146,1.232845635,8.079459866,0.068516891,0.449025779,0.209994282,1.376198547
FRO,FO,Faroe Islands,234,EU,Europe,,Northern Europe,55822.91472,10.92993972,1399,0,1,1,3.108181837,3.277510674,3.20799414,1.383525402,0.502944989,,9.886566864,20.58223752,5.850859375,47.40287809,,106.21209,30.31481688,13.29465986,0.067823483,0.027144485,0.029090782,35.85439724,234.9719667,0.29507262,1.933759849,2.482996796,16.27233158,0.137995558,0.904354559,0.422936266,2.771714873
FIN,FI,"Finland, Republic of",246,EU,Europe,Finland,Northern Europe,50152.34014,10.82282046,336593,0,1,0,3.815046,3.887269,4.003472,0.114583333,2.1,160,9.886566864,20.58223752,5.850859375,47.40287809,4.537094833,132.8595264,9.017496111,7.427405801,0.10233661,0.029711454,0.029090782,32.90981043,215.6746026,0.270839415,1.774947425,2.279077607,14.93594618,0.126662502,0.83008332,0.3882021,2.544084353
FRA,FR,"France, French Republic",250,EU,Europe,France,Western Europe,41463.64402,10.63257227,547026,0,1,0,3.589643,3.838338,3.99688,0,0,235,9.886566864,20.58223752,5.850859375,47.40287809,5.833022186,130.3553167,9.938968323,7.782635589,0.11983659,0.071288044,0.029090782,28.26352936,185.2251771,0.232601697,1.524356354,1.957312303,12.82725569,0.108780005,0.71289029,0.333394855,2.184904801
GEO,GE,Georgia,268,EU,Europe,Georgia,Western Asia,4717.143026,8.458958604,69700,0,1,0,2.423617,2.25668,2.382213,2.279017972,3.758378194,300,9.886566864,20.58223752,5.850859375,47.40287809,2,77.88747588,230.7882398,35.2347352,0.073438385,0.033178677,0.029090782,4.966330919,32.54687383,0.040871647,0.267852539,0.343929468,2.253943439,0.019114297,0.12526564,0.058582534,0.383920923
DEU,DE,"Germany, Federal Republic of",276,EU,Europe,Germany,Western Europe,47603.02763,10.77065164,357325,0,1,0,4.092256,4.31065,4.374447,0,0,269.25,9.886566864,20.58223752,5.850859375,47.40287809,4.63528309,174.1095649,6,6,0.139635658,0.056416346,0.037814743,31.56458466,206.8586591,0.259768547,1.702394439,2.185917729,14.32542247,0.121485028,0.796152725,0.3723339,2.440092025
GIB,GI,Gibraltar,292,EU,Europe,Gibraltar,Southern Europe,92843,11.43866517,7,0,1,0,3.108181837,3.277510674,3.20799414,1.383525402,0.502944989,235,9.886566864,20.58223752,5.850859375,47.40287809,1.635417,106.21209,30.31481688,13.29465986,0.067823483,0.027144485,0.029090782,53.86315036,352.9924178,0.443280103,2.905038308,3.730143025,24.44551045,0.207307222,1.358588886,0.63536641,4.163876858
GRC,GR,"Greece, Hellenic Republic",300,EU,Europe,Greece,Southern Europe,20324.25356,9.919570209,131621,0,1,0,2.839182,3.055823,3.172495,1.683306679,1.108548139,115,9.886566864,20.58223752,5.850859375,47.40287809,3.9810765,98.6131608,47.10833663,16.42863202,0.067337193,0.027211271,0.029090782,15.97732621,104.707485,0.131489353,0.861716116,1.106465395,7.251226344,0.061493156,0.402995697,0.188467558,1.235123056
HUN,HU,"Hungary, Republic of",348,EU,Europe,,Eastern Europe,16161.98051,9.690416881,93032,1,0,0,3.354866,3.213207,3.270945,0,0,,9.886566864,20.58223752,5.850859375,47.40287809,,103.9087189,34.44971806,14.13647562,0.068855752,0.027063331,0.029090782,13.30111602,87.16892853,0.10946482,0.717378232,0.921131884,6.036642278,0.051193021,0.335493715,0.156899147,1.028239322
ISL,IS,"Iceland, Republic of",352,EU,Europe,Iceland,Northern Europe,73191.11632,11.20082933,102819,0,1,1,2.769231,3.605164,3.185584,1.771383242,1.36147448,238.5,9.886566864,20.58223752,5.850859375,47.40287809,2.7604165,119.3593966,15.80168402,9.723301296,0.067508595,0.027184873,0.029090782,44.53065833,291.8318859,0.366476054,2.401702601,3.083847184,20.21000751,0.171388547,1.123195674,0.525280908,3.442430984
IRL,IE,Ireland,372,EU,Europe,Ireland,Northern Europe,78806.432,11.2747499,70285,0,1,0,3.357716,3.595856,3.293335,1.153385903,0.24161501,176,9.886566864,20.58223752,5.850859375,47.40287809,3.079861,178.114501,16.0968717,9.810098397,0.069276747,0.027045892,0.029090782,47.24346587,309.6102833,0.388801774,2.548014315,3.271715143,21.4412011,0.181829536,1.191620751,0.557281019,3.652143867
ITA,IT,"Italy, Italian Republic",380,EU,Europe,Italy,Southern Europe,34483.204,10.44822764,301323,0,1,0,3.472044,3.655042,3.852904,0,0,215,9.886566864,20.58223752,5.850859375,47.40287809,4.911773909,121.5876002,14.30969014,9.271105451,0.091255604,0.028590289,0.029090782,24.38813037,159.8277309,0.200708144,1.315341797,1.688932299,11.06842603,0.093864461,0.615141199,0.287680886,1.885318088
KAZ,KZ,"Kazakhstan, Republic of",398,AS,Asia,Kazakhstan,Central Asia,9812.601137,9.191422669,2717300,1,0,0,2.663851,2.577002,2.54616,1.104166667,4,289.8185186,9.886566864,20.58223752,5.850859375,47.40287809,4.537673542,85.10496229,122.0655779,25.95060603,0.06938009,0.031130362,0.029090782,8.923181681,58.47811453,0.073435528,0.48126009,0.617950188,4.049739563,0.034343331,0.225069187,0.105257303,0.689804244
LVA,LV,"Latvia, Republic of",428,EU,Europe,Latvia,Northern Europe,17860.6172,9.790353411,64589,0,1,0,2.79657,2.69255,2.983,1.736424523,1.256394218,99,9.886566864,20.58223752,5.850859375,47.40287809,5.9149305,88.0414064,97.00841916,23.23992962,0.06585357,0.027830382,0.029090782,14.40819537,94.42417841,0.118575803,0.777087104,0.997799592,6.539084478,0.055453922,0.363417549,0.169958187,1.113821803
LIE,LI,"Liechtenstein, Principality of",438,EU,Europe,,Western Europe,165028.245,12.01387192,158,1,0,0,3.108181837,3.277510674,3.20799414,1.383525402,0.502944989,,9.886566864,20.58223752,5.850859375,47.40287809,,106.21209,30.31481688,13.29465986,0.067823483,0.027144485,0.029090782,85.33732864,559.2585981,0.702304629,4.602556798,5.90979991,38.72990244,0.328444296,2.152461293,1.006633882,6.59698004
LTU,LT,"Lithuania, Republic of",440,EU,Europe,Lithuania,Northern Europe,19153.40899,9.860235994,65300,0,1,0,2.846491,2.955624,2.729618,0.304487179,2.32,99,9.886566864,20.58223752,5.850859375,47.40287809,5.734028,95.47879618,57.49454195,18.07796495,0.066693214,0.029397146,0.029090782,15.23664274,99.85341229,0.125393716,0.821768325,1.055171416,6.915071006,0.058642431,0.384313456,0.179730501,1.177864712
LUX,LU,"Luxembourg, Grand Duchy of",442,EU,Europe,,Western Europe,116639.888,11.66684659,2586,1,0,0,3.527956,3.757625,3.631442,0,0,,9.886566864,20.58223752,5.850859375,47.40287809,,126.3785858,10,10,0.079541232,0.02751183,0.029090782,64.65023295,423.685616,0.532055064,3.486825448,4.477172498,29.34117174,0.248824291,1.630671199,0.762610173,4.997769478
MLT,MT,"Malta, Republic of",470,EU,Europe,Malta,Southern Europe,30098.28331,10.31222342,316,0,1,1,2.697778,2.8,2.9,1.866110729,1.679503646,235,9.886566864,20.58223752,5.850859375,47.40287809,2.750607625,90.94742457,78.34636166,20.97393889,0.065774548,0.028246169,0.029090782,21.8738787,143.3505704,0.180016489,1.179738934,1.514814776,9.927346,0.084187668,0.551724292,0.258022928,1.690954515
MCO,MC,"Monaco, Principality of",492,EU,Europe,,Western Europe,185741.28,12.13211002,2,1,0,0,3.108181837,3.277510674,3.20799414,1.383525402,0.502944989,,9.886566864,20.58223752,5.850859375,47.40287809,,106.21209,30.31481688,13.29465986,0.067823483,0.027144485,0.029090782,93.80352655,614.7418673,0.771979296,5.059170069,6.496102955,42.5722423,0.361028799,2.36600399,1.106500632,7.251457272
MDA,MD,"Moldova, Republic of",498,EU,Europe,,Eastern Europe,3227.312192,8.079404931,33700,1,0,0,2.253755,2.299887,2.019938,4.125,7.524444444,,9.886566864,20.58223752,5.850859375,47.40287809,,78.78748526,211.7880281,33.81076218,0.089495966,0.039831504,0.029090782,3.665769906,24.02364091,0.030168359,0.197708488,0.253862723,1.663690593,0.014108729,0.092461622,0.043241196,0.283381391
MNE,ME,"Montenegro, Republic of",499,EU,Europe,Montenegro,Southern Europe,8844.236985,9.087521338,13812,0,1,0,2.561131,2.723714,2.574761,0.316919192,3.4,150,9.886566864,20.58223752,5.850859375,47.40287809,4.549131875,88.86635359,91.17948451,22.55861655,0.068838734,0.03082353,0.029090782,8.211466316,53.81388443,0.067578291,0.442874657,0.568662315,3.726731249,0.031604098,0.207117608,0.096861952,0.634785272
NLD,NL,"Netherlands, Kingdom of the",528,EU,Europe,Netherlands,Western Europe,53024.05921,10.87850104,41863,0,1,0,3.917559,4.087875,4.207611,0,0,242.5,9.886566864,20.58223752,5.850859375,47.40287809,5.747106333,101.5,12,12,0.13,0.02,0.03,34.40890056,225.4988971,0.283176548,1.855798883,2.382892934,15.61630043,0.132432164,0.867894833,0.405885276,2.659971127
NOR,NO,"Norway, Kingdom of",578,EU,Europe,Norway,Northern Europe,81697.24598,11.31077557,323752,0,1,0,3.52,3.688636,3.691019,1.024681824,0.149987612,98,9.886566864,20.58223752,5.850859375,47.40287809,3.5193057,123.1251403,13.38503341,8.978453961,0.082235426,0.02773897,0.029090782,48.62485868,318.6632478,0.400170287,2.622517923,3.367379669,22.06813903,0.187146208,1.226463587,0.573575844,3.758932079
POL,PL,"Poland, Republic of",616,EU,Europe,Poland,Eastern Europe,15420.91116,9.643479735,312685,0,1,0,3.253458,3.580044,3.208902,0,0,138,9.886566864,20.58223752,5.850859375,47.40287809,6.056336625,75,16.61101808,9.959325062,0.046370963,0.023185481,0.029090782,12.81092377,83.95645122,0.105430662,0.690940357,0.887184979,5.814171076,0.049306381,0.323129608,0.151116869,0.990345137
PRT,PT,"Portugal, Portuguese Republic",620,EU,Europe,Portugal,Southern Europe,23407.90659,10.06082913,92389,0,1,0,3.17135,3.705938,3.247268,1.321251733,0.417753592,242,9.886566864,20.58223752,5.850859375,47.40287809,5.3330209,123.9288284,12.93236555,8.831351655,0.068441581,0.027088284,0.029090782,17.88885234,117.2346808,0.14722073,0.964811768,1.238842833,8.118762529,0.068850193,0.451210072,0.211015802,1.382893087
ROU,RO,Romania,642,EU,Europe,Romania,Eastern Europe,12301.1864,9.417450992,238391,0,1,0,3.108181837,3.277510674,3.20799414,0.041666667,0,176,9.886566864,20.58223752,5.850859375,47.40287809,5.167014,106.21209,30.31481688,13.29465986,0.067823483,0.027144485,0.029090782,10.69178011,70.06863294,0.087990646,0.576647125,0.740429565,4.852408756,0.041150271,0.269678501,0.126119581,0.826525286
RUS,RU,Russian Federation,643,EU,Europe,Russia,Eastern Europe,11288.87845,9.331573312,17075400,0,1,0,2.420382,2.74927,2.77518,2.284399626,3.794269919,316.6666667,9.886566864,20.58223752,5.850859375,47.40287809,4.86701375,89.55365302,86.66180656,22.01483871,0.046370963,0.046370963,0.029090782,9.981896357,65.41640631,0.082148482,0.538360477,0.691268536,4.530231709,0.038418087,0.251773121,0.117745836,0.771647907
SMR,SM,"San Marino, Republic of",674,EU,Europe,,Southern Europe,48494.55141,10.78920673,61,1,0,0,3.108181837,3.277510674,3.20799414,0,0,,9.886566864,20.58223752,5.850859375,47.40287809,,106.21209,30.31481688,13.29465986,0.067823483,0.027144485,0.029090782,32.03662634,209.9521865,0.263653331,1.727853387,2.218607665,14.53965612,0.123301811,0.80805902,0.377902075,2.476583084
SRB,RS,"Serbia, Republic of",688,EU,Europe,,Southern Europe,7246.731656,8.88830584,88499,1,0,0,2.597121,2.70465,2.599877,0.172083333,1.89,,9.886566864,20.58223752,5.850859375,47.40287809,,88.36000308,94.70223545,22.97298708,0.068401735,0.030565652,0.029090782,7.001742948,45.88595645,0.057622573,0.377629815,0.48488628,3.177704595,0.026948143,0.176604786,0.082592129,0.541267921
SVK,SK,Slovakia (Slovak Republic),703,EU,Europe,,Eastern Europe,19442.70576,9.875227254,49036,1,0,0,2.789011,3.139194,3,0,0,,9.886566864,20.58223752,5.850859375,47.40287809,,101.3595836,39.91177816,15.17159004,0.06591215,0.027756357,0.029090782,15.42047607,101.0581649,0.126906617,0.831683135,1.067902283,6.998502806,0.059349964,0.38895028,0.181898988,1.1920759
SVN,SI,"Slovenia, Republic of",705,EU,Europe,Slovenia,Southern Europe,26123.97387,10.17060871,20256,0,1,0,3.418681,3.052381,3.261905,0,0,176,9.886566864,20.58223752,5.850859375,47.40287809,5.242882,98.50252961,47.43186243,16.48271118,0.068693885,0.027072068,0.029090782,19.53096993,127.9963064,0.160734942,1.053377225,1.35256313,8.864029048,0.075170336,0.492629163,0.23038612,1.509836561
ESP,ES,"Spain, Kingdom of",724,EU,Europe,Spain,Southern Europe,30370.89233,10.32123994,505954,0,1,0,3.620888,3.800271,3.83987,0,0,250,9.886566864,20.58223752,5.850859375,47.40287809,6.142134135,128.4563068,10.72049466,8.070703893,0.090427693,0.028508619,0.029090782,22.03223019,144.3883277,0.181319681,1.188279414,1.525780969,9.999213001,0.084797128,0.555718388,0.259890833,1.703195836
SWE,SE,"Sweden, Kingdom of",752,EU,Europe,Sweden,Northern Europe,54608.36025,10.90794227,449964,0,1,0,4.049361,3.976896,4.239947,0,0,172,9.886566864,20.58223752,5.850859375,47.40287809,3.190868028,137.6382319,7.545478345,6.818247472,0.126835203,0.032203665,0.029090782,35.2289523,230.8731102,0.289925366,1.900027297,2.439683342,15.98847664,0.13558836,0.888578977,0.415558555,2.723365014
CHE,CH,"Switzerland, Swiss Confederation",756,EU,Europe,,Western Europe,82796.54716,11.32414164,41288,1,0,0,3.629262,3.966859,4.021835,0.041666667,4.6,,9.886566864,20.58223752,5.850859375,47.40287809,,103.809065,7.69758386,6.88390177,0.103898868,0.029871542,0.029090782,49.14758693,322.0889499,0.404472208,2.650710585,3.403579763,22.30537653,0.189158073,1.239648348,0.579741914,3.799341451
TUR,TR,"Turkey, Republic of",792,AS,Asia,Turkey,Western Asia,9370.176344,9.145287195,780576,0,1,0,2.713469,3.046799,3.210029,0.25,1.92,160,9.886566864,20.58223752,5.850859375,47.40287809,6.043692146,98.3235715,47.96126456,16.57079176,0.067853425,0.027141118,0.029090782,8.599845127,56.35912685,0.07077455,0.463821358,0.595558412,3.902994951,0.033098881,0.216913677,0.101443244,0.664808795
UKR,UA,Ukraine,804,EU,Europe,Ukraine,Eastern Europe,3095.173581,8.037599268,603677,0,1,0,2.49118,2.842631,2.221296,2.169474758,3.081715432,298,9.886566864,20.58223752,5.850859375,47.40287809,3.166666667,92.1496731,71.9786971,20.13737184,0.086945556,0.023185481,0.018548385,3.545197436,23.23346863,0.029176078,0.19120557,0.245512812,1.608969405,0.013644672,0.089420426,0.041818931,0.274060568
MKD,MK,"Macedonia, The Former Yugoslav Republic of",807,EU,Europe,,Southern Europe,6083.718948,8.713371457,25713,1,0,0,2.452814,2.74329,2.473593,0.270833333,2.7,,9.886566864,20.58223752,5.850859375,47.40287809,,89.39194678,87.69844374,22.14089397,0.070969676,0.031974238,0.029090782,6.087342432,39.89342822,0.050097288,0.328312823,0.42156201,2.76270868,0.02342882,0.153540885,0.071805917,0.470580427
GBR,GB,United Kingdom of Great Britain & Northern Ireland,826,EU,Europe,United Kingdom,Northern Europe,42943.90227,10.66764994,244110,0,1,0,3.772005,4.04983,4.032786,0,0.071532947,185,9.886566864,20.58223752,5.850859375,47.40287809,5.051136341,141.1112198,6.52684297,6.359606198,0.13,0.02,0.029090782,29.06789772,190.496609,0.239221445,1.567738906,2.013016602,13.19231409,0.111875839,0.733178853,0.342883134,2.247086289
AGO,AO,"Angola, Republic of",24,AF,Africa,Angola,Sub-Saharan Africa,3432.385736,8.141010848,1246700,0,1,0,1.571429,2.004317,1.857143,4.242135747,45.95804773,412,9.886566864,20.58223752,5.850859375,47.40287809,7.908564778,73.04348174,381.1946405,44.834765,0.154687343,0.090418019,0.028137843,3.8509625,25.23730147,0.031692447,0.207696607,0.266687723,1.747739287,0.014821494,0.09713273,0.045425717,0.297697657
BDI,BI,"Burundi, Republic of",108,AF,Africa,,Sub-Saharan Africa,271.7520444,5.604890049,27834,1,0,0,1.6875,2.332091,1.952865,2.444444444,4.354285714,,9.886566864,20.58223752,5.850859375,47.40287809,,79.47254731,198.6511114,32.78697672,0.152265726,0.085088048,0.028137843,0.50632652,3.318213307,0.004166939,0.027308056,0.035064238,0.229793656,0.001948738,0.012771061,0.005972596,0.03914144
BEN,BJ,"Benin, Republic of",204,AF,Africa,Benin,Sub-Saharan Africa,901.5438712,6.804108706,112622,0,1,0,2.5625,2.502329,2.496995,2.059547612,2.499141179,119.4052297,9.886566864,20.58223752,5.850859375,47.40287809,12.516875,83.3054946,141.6049949,27.86834177,0.107826174,0.104305919,0.028137843,1.321544863,8.660750688,0.01087598,0.071275787,0.091519923,0.599776258,0.005086331,0.033333293,0.015588862,0.102161683
BFA,BF,Burkina Faso,854,AF,Africa,,Sub-Saharan Africa,715.122904,6.572454422,274200,1,0,0,2.412879,2.459957,2.430736,3.104166667,10.44,,9.886566864,20.58223752,5.850859375,47.40287809,,82.31722853,154.052858,29.01889967,0.124581048,0.066731219,0.028137843,1.097986421,7.195659348,0.009036151,0.059218456,0.076038003,0.498315422,0.004225904,0.027694484,0.01295178,0.084879555
BWA,BW,"Botswana, Republic of",72,AF,Africa,,Sub-Saharan Africa,8258.641666,9.019015406,600372,1,0,0,2.266326318,2.38629275,2.2412015,0.208333333,12.66153846,,9.886566864,20.58223752,5.850859375,47.40287809,,80.65369115,178.3544686,31.13338053,0.12001543,0.048141193,0.028137843,7.773548582,50.94398843,0.063974339,0.419256138,0.538335538,3.527984565,0.02991865,0.19607202,0.091696301,0.600932155
CAF,CF,Central African Republic,140,AF,Africa,,Sub-Saharan Africa,475.7212505,6.164832075,622984,1,0,0,2.238095,1.928571,1.928571,5.891666667,11.2,,9.886566864,20.58223752,5.850859375,47.40287809,,71.71836312,443.1581673,48.19738184,0.146314304,0.08637729,0.028137843,0.792454727,5.193355906,0.006521702,0.042740005,0.054879253,0.359651453,0.003049981,0.019988066,0.009347747,0.061260507
CIV,CI,"Cote d'Ivoire, Republic of",384,AF,Africa,Cote d'Ivoire,Sub-Saharan Africa,1715.531332,7.447478126,322463,0,1,0,2.779167,3.227109,2.886806,1.758597278,1.322304659,179.1662529,9.886566864,20.58223752,5.850859375,47.40287809,10.02230486,104.3995828,33.5104548,13.95007678,0.171376416,0.058116652,0.028137843,2.211115058,14.49055328,0.018196918,0.119253588,0.153124638,1.003503061,0.008510087,0.055770899,0.026082177,0.170929676
CMR,CM,"Cameroon, Republic of",120,AF,Africa,Cameroon,Sub-Saharan Africa,1533.74214,7.335465871,475442,0,1,0,2.459686,2.596936,2.57248,2.219866522,3.380475082,342.7528317,9.886566864,20.58223752,5.850859375,47.40287809,12.1758246,85.59813418,96,24,0.105464766,0.063301748,0.028137843,2.02159567,13.24853706,0.016637221,0.109032109,0.139999999,0.917490673,0.00778067,0.050990657,0.023846618,0.156278929
COD,CD,"Congo, Democratic Republic of the",180,AF,Africa,Democratic Republic of the Congo,Sub-Saharan Africa,561.7771824,6.331105299,2345410,0,1,0,2.266326318,2.38629275,2.2412015,2.555949519,5.966198596,186.95609,9.886566864,20.58223752,5.850859375,47.40287809,26,80.65369115,178.3544686,31.13338053,0.166108064,0.208611837,0.028137843,0.905198228,5.93222099,0.007449552,0.048820678,0.062686992,0.410819505,0.003483906,0.022831792,0.010677663,0.069976114
COG,CG,"Congo, Republic of the",178,AF,Africa,Republic of Congo,Sub-Saharan Africa,2147.769461,7.672185123,342000,0,1,0,2.272727,2.281405,2.066116,2.544049517,5.855050792,179.1662529,9.886566864,20.58223752,5.850859375,47.40287809,10.179861,78.39984579,219.7161129,34.41269118,0.132883492,0.176517708,0.028137843,2.646564904,17.34427597,0.02178056,0.142739004,0.183280509,1.201129707,0.010186037,0.06675424,0.031218717,0.204592013
COM,KM,"Comoros, Union of the",174,AF,Africa,Comoros,Sub-Saharan Africa,1415.263622,7.255071098,1862,0,1,1,2.625,2.213542,2.25,1.967803986,2.079902846,280.16,9.886566864,20.58223752,5.850859375,47.40287809,12.05859375,77.0102907,251.4585209,36.71626128,0.119475836,0.072295997,0.028137843,1.895668065,12.42326988,0.015600869,0.102240369,0.131279232,0.860339085,0.007296003,0.047814388,0.022361184,0.146544128
CPV,CV,"Cape Verde, Republic of",132,AF,Africa,Cape Verde,Sub-Saharan Africa,3635.40685,8.198476309,4033,0,1,1,2.266326318,2.38629275,2.2412015,2.555949519,5.966198596,179.1662529,9.886566864,20.58223752,5.850859375,47.40287809,3,80.65369115,178.3544686,31.13338053,0.12001543,0.072605075,0.028137843,4.032132878,26.42460242,0.033183434,0.217467794,0.279234175,1.82996252,0.015518778,0.101702386,0.047562792,0.311702986
DJI,DJ,"Djibouti, Republic of",262,AF,Africa,Djibouti,Sub-Saharan Africa,3082.543099,8.033510217,23200,0,1,0,2.347337,2.249587,2.791781,2.409356414,4.702523809,280.16,9.886566864,20.58223752,5.850859375,47.40287809,8.204282417,77.74178934,234.0663467,35.47416392,0.101342478,0.059364928,0.028137843,3.533619189,23.15759054,0.029080792,0.190581112,0.244710992,1.603714678,0.01360011,0.089128388,0.041682355,0.273165514
DZA,DZ,"Algeria, People's Democratic Republic of",12,AF,Africa,Algeria,Northern Africa,4114.715061,8.322324867,2381741,0,1,0,2.13028,2.391247,2.421383,2.822474187,8.897907594,215,9.886566864,20.58223752,5.850859375,47.40287809,3.333333333,80.76344248,176.606081,30.9864604,0.110722162,0.048141193,0.028137843,4.452093041,29.17681339,0.0366396,0.240117794,0.30831735,2.020559255,0.017135111,0.112295031,0.052516616,0.344167897
EGY,EG,"Egypt, Arab Republic of",818,AF,Africa,Egypt,Northern Africa,2549.132252,7.843508287,1001449,0,1,0,2.6,2.817778,2.817778,2.004000549,2.238422928,142.5,9.886566864,20.58223752,5.850859375,47.40287809,7.57263895,91.44530039,75.62515641,20.62092963,0.101108278,0.058997487,0.028137843,3.035332786,19.89206817,0.024980021,0.163706689,0.21020355,1.377569987,0.011682317,0.076560122,0.035804599,0.234645613
ERI,ER,"Eritrea, State of",232,AF,Africa,Eritrea,Sub-Saharan Africa,642.5,6.465366817,121320,0,1,0,2.133929,2.167262,1.8625,2.814975112,8.803024267,280.16,9.886566864,20.58223752,5.850859375,47.40287809,6.761363636,76.09241503,275.6972127,38.37503117,0.154022459,0.090101504,0.028137843,1.007838453,6.604874202,0.008294256,0.054356444,0.069795056,0.457402236,0.003878945,0.025420684,0.0118884,0.07791069
ESH,EH,Western Sahara,732,AF,Africa,Western Sahara,Northern Africa,2500,7.824046011,266000,0,1,0,2.266326318,2.38629275,2.2412015,2.555949519,5.966198596,208.8331265,9.886566864,20.58223752,5.850859375,47.40287809,6.479850559,80.65369115,178.3544686,31.13338053,0.12001543,0.072605075,0.028137843,2.988439208,19.58475088,0.024594099,0.161177546,0.206956065,1.356287581,0.011501834,0.075377327,0.035251445,0.231020517
ETH,ET,"Ethiopia, Federal Democratic Republic of",231,AF,Africa,,Sub-Saharan Africa,772.3135303,6.649390595,1127127,1,0,0,2.266326318,2.38629275,2.2412015,2.121394231,6.86,,9.886566864,20.58223752,5.850859375,47.40287809,,80.65369115,178.3544686,31.13338053,0.077898371,0.096282386,0.028137843,1.167689388,7.652458084,0.009609788,0.062977794,0.080865089,0.529949751,0.004494175,0.0294526,0.013773992,0.090267925
GAB,GA,"Gabon, Gabonese Republic",266,AF,Africa,Gabon,Sub-Saharan Africa,7952.525893,8.98124488,267667,0,1,0,1.95554,2.074762,2.091861,3.205971469,14.86790634,179.1662529,9.886566864,20.58223752,5.850859375,47.40287809,4,74.3275258,331.3695505,41.91837523,0.130717872,0.048141193,0.028137843,7.54217304,49.42766769,0.062070176,0.406777202,0.522312267,3.422975979,0.029028138,0.190236041,0.088967009,0.583045729
GHA,GH,"Ghana, Republic of",288,AF,Africa,Ghana,Sub-Saharan Africa,2202.312164,7.697263071,238538,0,1,0,2.452214,2.506604,2.44289,2.231992833,3.455506713,145,9.886566864,20.58223752,5.850859375,47.40287809,13.6447223,83.40650483,140.4063699,27.75482367,0.109842231,0.080235322,0.028137843,2.700197438,17.69575704,0.022221942,0.145631604,0.186994681,1.225470553,0.010392456,0.068107012,0.031851363,0.208738062
GIN,GN,"Guinea, Republic of",324,AF,Africa,Guinea,Sub-Saharan Africa,878.5996133,6.778329291,245857,0,1,0,2.447016,2.072016,1.555556,2.240467717,3.508683554,179.1662529,9.886566864,20.58223752,5.850859375,47.40287809,3,74.2765167,333.183865,42.02842225,0.204166347,0.112418526,0.028137843,1.294569065,8.483964663,0.010653976,0.069820883,0.089651789,0.587533432,0.004982507,0.032652883,0.015270657,0.100076326
GMB,GM,"Gambia, Republic of the",270,AF,Africa,Gambia,Sub-Saharan Africa,716.118489,6.573845641,11295,0,1,0,2.076923,2.205325,1.818935,2.93443801,10.408053,179.1662529,9.886566864,20.58223752,5.850859375,47.40287809,8.227430778,76.84558487,255.6008603,37.00544932,0.159614003,0.092741945,0.028137843,1.099209133,7.203672396,0.009046213,0.059284402,0.076122679,0.498870344,0.00423061,0.027725324,0.012966203,0.084974077
GNB,GW,"Guinea-Bissau, Republic of",624,AF,Africa,Guinea-Bissau,Sub-Saharan Africa,777.9699218,6.656687863,36125,0,1,0,2.007955,2.284091,1.77974,3.085765842,12.74589014,179.1662529,9.886566864,20.58223752,5.850859375,47.40287809,4.916666667,78.45593382,218.5457464,34.32455144,0.165020336,0.095251534,0.028137843,1.174526078,7.697262364,0.009666053,0.063346522,0.081338545,0.533052547,0.004520488,0.029625042,0.013854637,0.090796434
GNQ,GQ,"Equatorial Guinea, Republic of",226,AF,Africa,Equatorial Guinea,Sub-Saharan Africa,10261.76001,9.236179645,28051,0,1,0,1.910268,2.25,1.875,3.313558019,16.98303296,179.1662529,9.886566864,20.58223752,5.850859375,47.40287809,5.5,77.75025635,233.874204,35.46017834,0.152494993,0.089371641,0.028137843,9.248470205,60.60989445,0.07611257,0.4988041,0.640477142,4.197370067,0.035595294,0.233273931,0.109094386,0.714950589
KEN,KE,"Kenya, Republic of",404,AF,Africa,Kenya,Sub-Saharan Africa,1710.510097,7.444546907,582646,0,1,0,2.653857,2.810438,2.553886,1.926835129,1.910832239,191.0483674,9.886566864,20.58223752,5.850859375,47.40287809,5.27736105,91.23914172,76.73701288,20.76595061,0.057936472,0.07221179,0.028137843,2.205936123,14.45661311,0.018154296,0.118974269,0.152765985,1.001152628,0.008490155,0.055640271,0.026021087,0.170529319
LBR,LR,"Liberia, Republic of",430,AF,Africa,Liberia,Sub-Saharan Africa,677.3221785,6.518147051,111369,0,1,0,1.905628,2.139074,1.914419,3.324786703,17.21613759,206,9.886566864,20.58223752,5.850859375,47.40287809,8.041666667,75.54488242,291.5913832,39.4218563,0.147891081,0.087147729,0.028137843,1.051304821,6.889731257,0.008651973,0.056700745,0.072805198,0.477129221,0.004046237,0.026517035,0.012401127,0.081270846
LBY,LY,Libyan Arab Jamahiriya,434,AF,Africa,Libya,Northern Africa,7241.704481,8.887611883,1759540,0,1,0,1.953632,2.045299,2.248718,3.210434415,14.9514859,215,9.886566864,20.58223752,5.850859375,47.40287809,4.1145835,73.78430483,351.362947,43.11431167,0.119553871,0.072340796,0.028137843,6.9978569,45.86048922,0.057590592,0.377420226,0.484617163,3.175940932,0.026933186,0.176506768,0.08254629,0.540967511
LSO,LS,"Lesotho, Kingdom of",426,AF,Africa,,Sub-Saharan Africa,1299.153126,7.16946789,30355,1,0,0,2.361111,2.032408,1.958333,0.25,6,,9.886566864,20.58223752,5.850859375,47.40287809,,73.54943693,360.4858661,43.64824538,0.143123702,0.08480357,0.028137843,1.770193301,11.6009704,0.014568243,0.095473052,0.122589825,0.803393016,0.006813078,0.044649541,0.020881091,0.136844334
MAR,MA,"Morocco, Kingdom of",504,AF,Africa,Morocco,Northern Africa,3222.200634,8.077819832,710850,0,1,0,2.328104,2.489252,2.434603,2.443379842,4.975899682,270,9.886566864,20.58223752,5.850859375,47.40287809,4.890885375,82.99799924,145.3354225,28.21847809,0.110175885,0.056164725,0.028137843,3.661124366,23.99319633,0.030130127,0.197457937,0.253541009,1.661582238,0.014090849,0.092344448,0.043186398,0.283022269
MDG,MG,"Madagascar, Republic of",450,AF,Africa,Madagascar,Sub-Saharan Africa,527.501285,6.268151301,587041,0,1,1,2.31615,2.329992,2.159544,2.464768309,5.153763531,286.6660047,9.886566864,20.58223752,5.850859375,47.40287809,6.761363636,79.4275205,199.4819626,32.85275052,0.125491278,0.075660214,0.028137843,0.860738515,5.64085404,0.00708366,0.046422802,0.059608058,0.390641695,0.00331279,0.021710386,0.010153219,0.066539167
MLI,ML,"Mali, Republic of",466,AF,Africa,,Sub-Saharan Africa,899.6599081,6.802016812,1240142,1,0,0,2.153846,2.450493,2.302539,2.009259259,9.666666667,,9.886566864,20.58223752,5.850859375,47.40287809,,82.09966394,156.9793716,29.28230416,0.116445749,0.07052756,0.028137843,1.319335087,8.646268911,0.010857794,0.071156606,0.091366891,0.598773363,0.005077826,0.033277556,0.015562796,0.101990856
MOZ,MZ,"Mozambique, Republic of",508,AF,Africa,Mozambique,Sub-Saharan Africa,498.9572202,6.212520361,801590,0,1,0,2.266326318,2.38629275,2.2412015,2.555949519,5.966198596,195,9.886566864,20.58223752,5.850859375,47.40287809,12.91666667,80.65369115,178.3544686,31.13338053,0.15001543,0.072605075,0.028137843,0.823271475,5.395313613,0.006775316,0.044402066,0.177013382,0.373637474,0.003168588,0.020765356,0.00971126,0.063642788
MRT,MR,"Mauritania, Islamic Republic of",478,AF,Africa,Mauritania,Sub-Saharan Africa,1188.834588,7.080728768,1030700,0,1,0,2.2,2.192369,2.262861,2.682587137,7.249827792,179.1662529,9.886566864,20.58223752,5.850859375,47.40287809,2.583194444,76.58741863,262.2712728,37.46605511,0.118703969,0.071850979,0.028137843,1.648881951,10.80595588,0.013569881,0.088930284,0.114188744,0.748336492,0.006346178,0.041589708,0.01945011,0.127466391
MUS,MU,"Mauritius, Republic of",480,AF,Africa,Mauritius,Sub-Saharan Africa,11238.69039,9.327117604,2045,0,1,1,2.705,2.85631,2.8,1.856310562,1.644242767,280.16,9.886566864,20.58223752,5.850859375,47.40287809,2.238802125,92.54156229,70.04726895,19.87607867,0.101262778,0.05924661,0.028137843,9.946378564,65.18364028,0.08185618,0.536444871,0.688808849,4.514112143,0.038281387,0.250877256,0.11732687,0.768902213
MWI,MW,"Malawi, Republic of",454,AF,Africa,,Sub-Saharan Africa,389.3980332,5.964602042,118484,1,0,0,2.425926,2.675926,2.175926,3.254901961,9.717647059,,9.886566864,20.58223752,5.850859375,47.40287809,,87.60718722,100.268707,23.61174332,0.140217067,0.088258854,0.028137843,0.675161115,4.424671649,0.005556405,0.036413928,0.04675641,0.306418358,0.002598544,0.017029572,0.007964159,0.052193155
NAM,NA,"Namibia, Republic of",516,AF,Africa,Namibia,Sub-Saharan Africa,5931.453886,8.688024637,825518,0,1,0,2.266326318,2.38629275,2.2412015,2.555949519,5.966198596,171.3764158,9.886566864,20.58223752,5.850859375,47.40287809,6.5,80.65369115,178.3544686,31.13338053,0.12001543,0.056164725,0.028137843,5.965149677,39.09263741,0.049091673,0.321722517,0.413099889,2.707252134,0.022958527,0.15045882,0.070364539,0.461134348
NER,NE,"Niger, Republic of",562,AF,Africa,,Sub-Saharan Africa,413.980305,6.0258184,1267000,1,0,0,1.7655,2.1,2.001111,3,15.63111111,,9.886566864,20.58223752,5.850859375,47.40287809,,74.80003504,315.1503686,40.92035073,0.179950403,0.082648097,0.028137843,0.70904886,4.646755149,0.005835293,0.038241619,0.049103211,0.321798135,0.002728971,0.017884322,0.008363897,0.054812838
NGA,NG,"Nigeria, Federal Republic of",566,AF,Africa,Nigeria,Sub-Saharan Africa,2028.18197,7.61489509,923768,0,1,0,1.966667,2.398611,2.559722,3.180067949,14.38971415,125.663605,9.886566864,20.58223752,5.850859375,47.40287809,17.075463,80.92713784,174.0388977,30.76935844,0.105828164,0.063580047,0.028137843,2.528005142,16.56729399,0.020804843,0.136344639,0.175069982,1.147321976,0.009729727,0.06376381,0.029820193,0.195426781
REU,RE,Reunion,638,AF,Africa,Reunion,Sub-Saharan Africa,27793,10.23253947,2517,0,1,1,2.266326318,2.38629275,2.2412015,2.555949519,5.966198596,280.16,9.886566864,20.58223752,5.850859375,47.40287809,6.761363636,80.65369115,178.3544686,31.13338053,0.12001543,0.072605075,0.028137843,20.52299601,134.4975541,0.168899066,1.106880849,1.421263144,9.314254923,0.078988423,0.517651012,0.242087999,1.58652488
RWA,RW,"Rwanda, Republic of",646,AF,Africa,,Sub-Saharan Africa,772.9444599,6.650207196,26338,1,0,0,2.666667,2.851178,2.75505,3.472222222,7.333333333,,9.886566864,20.58223752,5.850859375,47.40287809,,92.39418357,70.76573936,19.9737092,0.124581048,0.05991835,0.028137843,1.168452467,7.657458922,0.009616068,0.06301895,0.080917933,0.530296071,0.004497112,0.029471847,0.013782993,0.090326915
SDN,SD,"Sudan, Republic of",736,AF,Africa,Sudan,Northern Africa,977.2736357,6.88476669,2505813,0,1,0,2.135556,2.50505,2.181818,2.811637883,8.761044896,117.42,9.886566864,20.58223752,5.850859375,47.40287809,17.75,83.36975888,140.8409023,27.7960349,0.123911269,0.074792558,0.028137843,1.40963075,9.238021975,0.011600905,0.076026584,0.097620066,0.639753579,0.005425354,0.035555081,0.016627918,0.108971139
SEN,SN,"Senegal, Republic of",686,AF,Africa,Senegal,Sub-Saharan Africa,1521.953554,7.327750022,196722,0,1,0,2.169242,2.106639,2.224286,2.743424741,7.935490704,249.2747867,9.886566864,20.58223752,5.850859375,47.40287809,4.59809552,74.92544485,311.0173226,40.66178548,0.121079605,0.073210013,0.028137843,2.009155442,13.16700996,0.016534841,0.108361161,0.139138485,0.91184474,0.00773279,0.050676877,0.023699874,0.15531724
SHN,SH,Saint Helena,654,AF,Africa,,Sub-Saharan Africa,12230,9.411647229,410,0,1,1,2.266326318,2.38629275,2.2412015,2.555949519,5.966198596,,9.886566864,20.58223752,5.850859375,47.40287809,,80.65369115,178.3544686,31.13338053,0.12001543,0.072605075,0.028137843,10.64225313,69.7440576,0.087583051,0.573975952,0.736999711,4.829931191,0.040959653,0.268429283,0.125535364,0.822696616
SLE,SL,"Sierra Leone, Republic of",694,AF,Africa,Sierra Leone,Sub-Saharan Africa,533.9911843,6.28037933,73326,0,1,0,1.818182,2,1.818182,3.543665258,22.25941061,179.1662529,9.886566864,20.58223752,5.850859375,47.40287809,2.285714286,72.96643228,384.480942,45.01994589,0.15971443,0.092788939,0.028137843,0.869199942,5.696306045,0.007153296,0.046879158,0.06019403,0.39448187,0.003345356,0.021923808,0.010253029,0.067193276
SOM,SO,"Somalia, Somali Republic",706,AF,Africa,Somalia,Sub-Saharan Africa,314.5441657,5.751124498,637657,0,1,0,2,2.304539,1.812865,3.103715024,13.04729444,280.6666667,9.886566864,20.58223752,5.850859375,47.40287809,1.833333333,78.8856868,209.8379715,33.66091989,0.160427318,0.093122106,0.028137843,0.569164397,3.730021645,0.004684079,0.030697135,0.039415901,0.258312299,0.002190586,0.014356019,0.006713828,0.043999106
SSD,SS,South Sudan,728,AF,Africa,,Sub-Saharan Africa,1119.651332,7.020772605,644329,1,0,0,2.266326318,2.38629275,2.2412015,6.083333333,30.5,,9.886566864,20.58223752,5.850859375,47.40287809,,80.65369115,178.3544686,31.13338053,0.12001543,0.072605075,0.028137843,1.571660215,10.29988286,0.012934366,0.084765431,0.108840967,0.713289809,0.006048969,0.039641946,0.018539207,0.121496785
STP,ST,"Sao Tome and Principe, Democratic Republic of",678,AF,Africa,Sao Tome and Principe,Sub-Saharan Africa,2001.140902,7.601472748,964,0,1,1,2.714286,2.646285,2.330496,1.843785166,1.599990263,179.1662529,9.886566864,20.58223752,5.850859375,47.40287809,3.463541667,86.84289169,106.3561218,24.28951696,0.114962682,0.069638711,0.028137843,2.501004965,16.3903482,0.020582638,0.13488842,0.173200159,1.135068086,0.009625809,0.063082785,0.029501701,0.19333954
SWZ,SZ,"Swaziland, Kingdom of",748,AF,Africa,,Sub-Saharan Africa,4145.974112,8.329893049,17364,1,0,0,2.266326318,2.38629275,2.2412015,0.087962963,5.377777778,,9.886566864,20.58223752,5.850859375,47.40287809,,80.65369115,178.3544686,31.13338053,0.12001543,0.072605075,0.028137843,4.479130208,29.35400159,0.036862109,0.241576008,0.310189734,2.032829932,0.017239171,0.112976989,0.052835545,0.346257998
SYC,SC,"Seychelles, Republic of",690,AF,Africa,Seychelles,Sub-Saharan Africa,16433.93529,9.707103701,455,0,1,1,2.266326318,2.38629275,2.2412015,2.555949519,5.966198596,280.16,9.886566864,20.58223752,5.850859375,47.40287809,3.416666667,80.65369115,178.3544686,31.13338053,0.12001543,0.072605075,0.028137843,13.47986916,88.34038807,0.110935913,0.727019048,0.933510936,6.117768458,0.051881002,0.340002401,0.159007708,1.042057786
TCD,TD,"Chad, Republic of",148,AF,Africa,,Sub-Saharan Africa,728.3432354,6.590772414,1284005,1,0,0,2.153846,2.619823,2.372041,4.416666667,12.76,,9.886566864,20.58223752,5.850859375,47.40287809,,86.17116643,112.1022376,24.91102003,0.112916913,0.068381928,0.028137843,1.114195221,7.301883801,0.009169545,0.060092657,0.077160499,0.505671702,0.004288288,0.028103318,0.013142978,0.086132572
TGO,TG,"Togo, Togolese Republic",768,AF,Africa,Toga,Sub-Saharan Africa,679.2570836,6.520999677,56785,0,1,0,2.314394,2.249719,2.23245,2.583333333,6.5,125.3754911,9.886566864,20.58223752,5.850859375,47.40287809,14.67152767,77.74449529,234.0049183,35.46969335,0.120561565,0.072916276,0.028137843,1.053706744,6.90547227,0.00867174,0.05683029,0.072971537,0.478219322,0.004055482,0.026577619,0.01242946,0.081456526
TUN,TN,"Tunisia, Tunisian Republic",788,AF,Africa,Tunisia,Northern Africa,3447.50791,8.145406904,164150,0,1,0,2.375,2.29757,2.097569,2.361249272,4.335448331,215,9.886566864,20.58223752,5.850859375,47.40287809,4.890885375,78.73866942,212.766034,33.88564209,0.130251375,0.032094129,0.028137843,3.864529579,25.32621339,0.031804101,0.20842833,0.267627273,1.753896636,0.01487371,0.097474932,0.045585753,0.298746456
TZA,TZ,"Tanzania, United Republic of",834,AF,Africa,Tanzania,Sub-Saharan Africa,1060.994615,6.966962063,945090,0,1,0,2.266326318,2.38629275,2.2412015,2.555949519,5.966198596,280.16,9.886566864,20.58223752,5.850859375,47.40287809,7.1443056,89.55392224,178.3544686,31.13338053,0.12001543,0.083163246,0.028137843,1.505438306,9.865897257,0.012389376,0.081193839,0.104254953,0.68323534,0.005794095,0.037971633,0.017758058,0.116377517
UGA,UG,"Uganda, Republic of",800,AF,Africa,,Sub-Saharan Africa,642.7767443,6.465797454,241038,1,0,0,2.610558,2.496367,2.193993,2.229166667,8.375,,9.886566864,20.58223752,5.850859375,47.40287809,,83.16502492,143.2937264,28.02743205,0.117659879,0.057963704,0.028137843,1.008185723,6.60715004,0.008297113,0.054375174,0.069819105,0.457559843,0.003880281,0.025429443,0.011892497,0.077937536
ZAF,ZA,"South Africa, Republic of",710,AF,Africa,South Africa,Sub-Saharan Africa,6374.028196,8.759986919,1219912,0,1,0,3.1746,3.192726,3.186554,1.318124675,0.413783635,122,9.886566864,20.58223752,5.850859375,47.40287809,4.061284625,103.1925794,35.88165356,14.41563317,0.103384681,0.032125035,0.028137843,6.318639862,41.40923706,0.052000808,0.340787546,0.437579871,2.867681815,0.024319032,0.159374894,0.074534287,0.488460814
ZMB,ZM,"Zambia, Republic of",894,AF,Africa,,Sub-Saharan Africa,1539.900158,7.339472861,752614,1,0,0,2.180161,2.48139,2.303431,5,14.8,,9.886566864,20.58223752,5.850859375,47.40287809,,82.81420613,147.6253243,28.43109682,0.068066538,0.080235322,0.028137843,2.028086478,13.2910746,0.016690639,0.109382182,0.140449502,0.920436493,0.007805651,0.051154374,0.023923183,0.156780699
ZWE,ZW,"Zimbabwe, Republic of",716,AF,Africa,,Sub-Saharan Africa,2146.996385,7.671825114,390759,1,0,0,2,2.160494,1.833333,3.680555556,11.4,,9.886566864,20.58223752,5.850859375,47.40287809,,75.96016299,279.4325648,38.62381199,0.157718861,0.091852356,0.028137843,2.645802785,17.33928142,0.021774288,0.1426979,0.183227731,1.200783823,0.010183103,0.066735017,0.031209727,0.204533098
ATG,AG,Antigua and Barbuda,28,NA,North America,Antigua and Barbuda,Latin America and the Caribbean,16726.98081,9.724778312,442,0,1,1,2.594984,2.7334135,2.617535071,2.011342833,2.271655028,200,9.886566864,20.58223752,5.850859375,47.40287809,2.555555556,89.12605534,89.43776451,22.35066783,0.102096882,0.036199286,0.011592741,13.67182421,89.59836643,0.112515655,0.737371892,0.946804251,6.20488626,0.052619794,0.344844078,0.161271998,1.056896822
BHS,BS,"Bahamas, Commonwealth of the",44,NA,North America,Bahamas,Latin America and the Caribbean,32217.87159,10.3802766,13939,0,1,1,2.684211,2.267881,2.408433,1.884661092,1.747800877,310,9.886566864,20.58223752,5.850859375,47.40287809,4.235416583,78.11871596,225.7048168,34.85992494,0.108929888,0.039088361,0.011592741,23.09776166,151.3712934,0.190088736,1.245747455,1.599571395,10.48279891,0.08889812,0.582594261,0.272459777,1.78556647
BRB,BB,Barbados,52,NA,North America,Barbados,Latin America and the Caribbean,17949.28151,9.795305366,431,0,1,1,2.594984,2.7334135,2.617535071,2.011342833,2.271655028,200,9.886566864,20.58223752,5.850859375,47.40287809,1.724358974,89.12605534,89.43776451,22.35066783,0.102096882,0.036199286,0.011592741,14.46538756,94.7989877,0.119046481,0.780171689,1.001760278,6.565040855,0.055674042,0.364860106,0.170632822,1.118243031
BMU,BM,Bermuda,60,NA,North America,,Northern America,85748.06541,11.3591688,53,0,1,1,2.594984,2.7334135,2.617535071,2.011342833,2.271655028,,9.886566864,20.58223752,5.850859375,47.40287809,,89.12605534,89.43776451,22.35066783,0.102096882,0.036199286,0.011592741,50.54426473,331.2420847,0.415966514,2.726038569,3.500302809,22.93925148,0.194533573,1.274876717,0.596217039,3.907311266
BLZ,BZ,Belize,84,NA,North America,Belize,Latin America and the Caribbean,4884.742421,8.493871835,22963,0,1,0,2.594984,2.7334135,2.617535071,2.011342833,2.271655028,350,9.886566864,20.58223752,5.850859375,47.40287809,3,89.12605534,89.43776451,22.35066783,0.102096882,0.036199286,0.011592741,5.106998767,33.46874125,0.042029308,0.275439275,0.353671029,2.31778481,0.019655696,0.128813701,0.060241843,0.394795214
VGB,VG,British Virgin Islands,92,NA,North America,British Virgin Islands,Latin America and the Caribbean,48511,10.78954586,153,0,1,1,2.594984,2.7334135,2.617535071,2.011342833,2.271655028,200,9.886566864,20.58223752,5.850859375,47.40287809,4.226805556,89.12605534,89.43776451,22.35066783,0.102096882,0.036199286,0.011592741,32.0453191,210.0091545,0.26372487,1.72832222,2.219209658,14.54360129,0.123335268,0.808278277,0.378004614,2.477255075
CAN,CA,Canada,124,NA,North America,Canada,Northern America,46232.98962,10.74144888,9976139,0,1,0,3.60393,3.89804,3.750496,0.083333333,6.666666667,420,9.886566864,20.58223752,5.850859375,47.40287809,4.357986167,347.7822223,8.826417199,7.351414159,0.104334667,0.031018839,0.011592741,30.83571343,202.0819979,0.253770122,1.663083726,2.135441774,13.99462805,0.118679766,0.777768424,0.36373618,2.383746823
CYM,KY,Cayman Islands,136,NA,North America,Cayman Islands,Latin America and the Caribbean,81124.51348,11.30374046,262,0,1,1,2.594984,2.7334135,2.617535071,2.011342833,2.271655028,200,9.886566864,20.58223752,5.850859375,47.40287809,4.226805556,89.12605534,89.43776451,22.35066783,0.102096882,0.036199286,0.011592741,48.35196218,316.8748193,0.397924418,2.607799609,3.348480979,21.94428638,0.186095891,1.219580325,0.570356773,3.737835886
CRI,CR,"Costa Rica, Republic of",188,NA,North America,Costa Rica,Latin America and the Caribbean,12027.36588,9.394939823,51076,0,1,0,2.627541,2.704966,2.494408,1.96416177,2.064433153,332.5,9.886566864,20.58223752,5.850859375,47.40287809,3.09444475,88.36835234,94.64274817,22.96605692,0.102079531,0.037785469,0.011592741,10.50095596,68.81806592,0.086420211,0.566355275,0.727214568,4.765804207,0.040415831,0.264865348,0.123868631,0.811773675
CUB,CU,"Cuba, Republic of",192,NA,North America,Cuba,Latin America and the Caribbean,8821.818891,9.084983351,110861,0,1,1,2.029672,2.202441,2.041667,3.037291651,11.9580417,200,9.886566864,20.58223752,5.850859375,47.40287809,4.553828489,76.78795543,257.070858,37.10748754,0.132191093,0.046850988,0.011592741,8.194810757,53.70473214,0.06744122,0.441976361,0.567508881,3.719172211,0.031539994,0.206697506,0.096665484,0.633497719
DMA,DM,"Dominica, Commonwealth of",212,NA,North America,Dominica,Latin America and the Caribbean,7691.345097,8.947850962,751,0,1,1,2.594984,2.7334135,2.617535071,2.011342833,2.271655028,200,9.886566864,20.58223752,5.850859375,47.40287809,1.5,89.12605534,89.43776451,22.35066783,0.102096882,0.036199286,0.011592741,7.343350489,48.12468313,0.060433917,0.396053969,0.508543363,3.332741399,0.028262914,0.185221145,0.086621711,0.567675804
DOM,DO,Dominican Republic,214,NA,North America,Dominican Republic,Latin America and the Caribbean,8050.631602,8.993505827,48734,0,1,0,2.405002,2.441572,2.357383,2.310159701,3.969653014,170,9.886566864,20.58223752,5.850859375,47.40287809,5.07335075,81.89562993,159.7888584,29.53278444,0.111223914,0.039944572,0.011592741,7.616516403,49.91487728,0.062682003,0.410786814,0.52746071,3.456716328,0.029314269,0.192111202,0.089843959,0.588792824
SLV,SV,"El Salvador, Republic of",222,NA,North America,El Salvador,Latin America and the Caribbean,4058.252439,8.308507726,21041,0,1,0,2.301136,2.560868,2.249457,1,5.133333333,190,9.886566864,20.58223752,5.850859375,47.40287809,4.226805556,84.7097975,126.0451239,26.35345546,0.166032972,0.041975091,0.011592741,4.403151874,28.85607722,0.036236826,0.237478216,0.304928066,1.998347561,0.016946747,0.111060589,0.051939309,0.340384513
GRL,GL,Greenland,304,NA,North America,,Northern America,48181.87419,10.78273818,2166086,0,1,1,2.594984,2.7334135,2.617535071,2.011342833,2.271655028,,9.886566864,20.58223752,5.850859375,47.40287809,,89.12605534,89.43776451,22.35066783,0.102096882,0.036199286,0.011592741,31.87127005,208.8685232,0.262292491,1.718935113,2.207156374,14.46461003,0.122665392,0.803888242,0.375951542,2.463800259
GRD,GD,Grenada,308,NA,North America,Grenada,Latin America and the Caribbean,10640.49676,9.27242245,345,0,1,1,2.594984,2.7334135,2.617535071,2.011342833,2.271655028,200,9.886566864,20.58223752,5.850859375,47.40287809,4.226805556,89.12605534,89.43776451,22.35066783,0.102096882,0.036199286,0.011592741,9.520547887,62.39295687,0.078351701,0.513478253,0.659319127,4.320851107,0.03664246,0.24013654,0.112303798,0.735983483
GLP,GP,Guadeloupe,312,NA,North America,Guadeloupe,Latin America and the Caribbean,25479,10.14560986,1780,0,1,1,2.594984,2.7334135,2.617535071,2.011342833,2.271655028,200,9.886566864,20.58223752,5.850859375,47.40287809,5.872917,89.12605534,89.43776451,22.35066783,0.102096882,0.036199286,0.011592741,19.14424845,125.4619253,0.157552322,1.032519909,1.325781807,8.688517518,0.073681932,0.482874897,0.225824378,1.479941157
GTM,GT,"Guatemala, Republic of",320,NA,North America,Guatemala,Latin America and the Caribbean,4549.010081,8.422664924,108889,0,1,0,2.157708,2.248857,2.19619,2.766592382,8.209009427,140,9.886566864,20.58223752,5.850859375,47.40287809,4.054282417,77.72682822,234.4063556,35.49889768,0.109458774,0.043096309,0.011592741,4.824207041,31.6154643,0.039702004,0.260187274,0.334087073,2.189441257,0.018567294,0.121680853,0.05690605,0.372934073
HTI,HT,"Haiti, Republic of",332,NA,North America,Haiti,Latin America and the Caribbean,868.3420247,6.766585675,27750,0,1,0,2.031682,2.186149,1.944633,3.032843845,11.88763265,210,9.886566864,20.58223752,5.850859375,47.40287809,1.15625,76.46413876,265.5352176,37.68921824,0.141525835,0.049640076,0.011592741,1.28246368,8.404631965,0.010554352,0.069167995,0.088813464,0.582039466,0.004935916,0.032347549,0.015127863,0.099140522
HND,HN,"Honduras, Republic of",340,NA,North America,Honduras,Latin America and the Caribbean,2500.113213,7.824091295,112088,0,1,0,2.238815,2.722923,2.473403,2.607735,6.46846382,200,9.886566864,20.58223752,5.850859375,47.40287809,4.382725625,88.84523677,91.3230098,22.57565998,0.131596504,0.038088283,0.011592741,2.988547473,19.5854604,0.02459499,0.161183385,0.206963563,1.356336716,0.011502251,0.075380058,0.035252722,0.231028887
JAM,JM,Jamaica,388,NA,North America,Jamaica,Latin America and the Caribbean,5354.236859,8.585643463,10991,0,1,1,2.415685,2.536251,2.324362,2.29223605,3.846993256,280,9.886566864,20.58223752,5.850859375,47.40287809,4.642832202,84.11366844,132.3684709,26.9801997,0.11285192,0.040533112,0.011592741,5.496047561,36.01837441,0.045231081,0.296422111,0.380613524,2.49435258,0.021153058,0.138626669,0.064831039,0.42487053
MTQ,MQ,Martinique,474,NA,North America,Martinique,Latin America and the Caribbean,30056,10.31081759,1100,0,1,1,2.594984,2.7334135,2.617535071,2.011342833,2.271655028,200,9.886566864,20.58223752,5.850859375,47.40287809,4.9864585,89.12605534,89.43776451,22.35066783,0.102096882,0.036199286,0.011592741,21.84929178,143.1894399,0.179814145,1.178412871,1.513112077,9.916187356,0.084093039,0.551104137,0.257732903,1.68905383
MEX,MX,"Mexico, United Mexican States",484,NA,North America,Mexico,Latin America and the Caribbean,9673.443674,9.177139644,1967210,0,1,0,2.769794,3.019504,2.846917,1.770656277,1.359224323,365,9.886566864,20.58223752,5.850859375,47.40287809,6.369032156,97.45656237,50.63627712,17.00831541,0.155796742,0.041752742,0.011592741,8.821801968,57.81372209,0.072601199,0.475792309,0.610929418,4.003728908,0.033953143,0.222512089,0.104061434,0.681967111
MSR,MS,Montserrat,500,NA,North America,Montserrat,Latin America and the Caribbean,12017,9.394077593,102,0,1,1,2.594984,2.7334135,2.617535071,2.011342833,2.271655028,197.55,9.886566864,20.58223752,5.850859375,47.40287809,3.327880376,89.12605534,89.43776451,22.35066783,0.102096882,0.036199286,0.011592741,10.49371507,68.77061271,0.086360621,0.565964747,0.72671312,4.762517966,0.040387963,0.264682711,0.123783218,0.811213919
CUW,CW,CuraÃ§ao,531,NA,North America,Curacao,Latin America and the Caribbean,19567.89244,9.881645361,960,0,1,1,2.594984,2.7334135,2.617535071,2.011342833,2.271655028,200,9.886566864,20.58223752,5.850859375,47.40287809,4.226805556,89.12605534,89.43776451,22.35066783,0.102096882,0.036199286,0.011592741,15.4998559,101.578381,0.127559893,0.835964381,1.073399513,7.034528929,0.05965548,0.390952475,0.182835347,1.198212337
ABW,AW,Aruba,533,NA,North America,Aruba,Latin America and the Caribbean,25630.26649,10.15152922,193,0,1,1,2.594984,2.7334135,2.617535071,2.011342833,2.271655028,90,9.886566864,20.58223752,5.850859375,47.40287809,4.226805556,89.12605534,89.43776451,22.35066783,0.102096882,0.036199286,0.011592741,19.23512072,126.0574571,0.158300178,1.037420986,1.332074914,8.729759424,0.074031679,0.485166966,0.226896301,1.486966014
SXM,SX,Sint Maarten (Netherlands),534,NA,North America,Sint Maarten,Latin America and the Caribbean,29160,10.28055319,34,0,1,0,2.594984,2.7334135,2.617535071,2.011342833,2.271655028,200,9.886566864,20.58223752,5.850859375,47.40287809,10.625,89.12605534,89.43776451,22.35066783,0.102096882,0.036199286,0.011592741,21.32663983,139.7642378,0.175512851,1.150224324,1.476917266,9.678984487,0.082081468,0.5379213,0.251567732,1.648650356
NIC,NI,"Nicaragua, Republic of",558,NA,North America,Nicaragua,Latin America and the Caribbean,2028.894755,7.615246468,130670,0,1,0,2.594984,2.7334135,2.617535071,2.011342833,2.271655028,130,9.886566864,20.58223752,5.850859375,47.40287809,1,89.12605534,89.43776451,22.35066783,0.089780792,0.036199286,0.011592741,2.528715871,16.57195176,0.020810692,0.136382971,0.175119201,1.147644537,0.009732462,0.063781737,0.029828577,0.195481724
PAN,PA,"Panama, Republic of",591,NA,North America,Panama,Latin America and the Caribbean,15575.07255,9.653427002,75648,0,1,0,2.866262,3.333333,3.130318,1.650397798,1.023767776,215,9.886566864,20.58223752,5.850859375,47.40287809,4.752926536,108.2811924,27.12991696,12.60463159,0.095930162,0.03253039,0.011592741,12.91327742,84.62722639,0.106273007,0.696460667,0.894273198,5.860623749,0.049700317,0.325711272,0.152324227,0.99825756
PRI,PR,"Puerto Rico, Commonwealth of",630,NA,North America,Puerto Rico,Latin America and the Caribbean,31651.34815,10.36253602,9104,0,1,1,2.594984,2.7334135,2.617535071,2.011342833,2.271655028,128,9.886566864,20.58223752,5.850859375,47.40287809,5.35329875,89.12605534,89.43776451,22.35066783,0.102096882,0.036199286,0.011592741,22.77226291,149.2381357,0.187409963,1.228192107,1.577029882,10.335073,0.087645348,0.574384214,0.268620213,1.760403874
KNA,KN,"Saint Kitts and Nevis, Federation of",659,NA,North America,Saint Kitts and Nevis,Latin America and the Caribbean,19275.41851,9.866585911,269,0,1,1,2.594984,2.7334135,2.617535071,2.011342833,2.271655028,200,9.886566864,20.58223752,5.850859375,47.40287809,1.125,89.12605534,89.43776451,22.35066783,0.102096882,0.036199286,0.011592741,15.31424081,100.3619516,0.126032328,0.825953475,1.060545255,6.950288484,0.058941089,0.38627071,0.180645843,1.183863411
AIA,AI,Anguilla,660,NA,North America,Anguilla,Latin America and the Caribbean,20438,9.925151192,102,0,1,1,2.594984,2.7334135,2.617535071,2.011342833,2.271655028,200,9.886566864,20.58223752,5.850859375,47.40287809,4.226805556,89.12605534,89.43776451,22.35066783,0.102096882,0.036199286,0.011592741,16.04882105,105.1760268,0.132077738,0.865572096,1.111416571,7.283673905,0.061768324,0.40479901,0.189310906,1.240649946
LCA,LC,Saint Lucia,662,NA,North America,Saint Lucia,Latin America and the Caribbean,10566.04975,9.265401286,617,0,1,1,2.594984,2.7334135,2.617535071,2.011342833,2.271655028,200,9.886566864,20.58223752,5.850859375,47.40287809,1.125,89.12605534,89.43776451,22.35066783,0.102096882,0.036199286,0.011592741,9.46722153,62.04348233,0.077912838,0.510602166,0.655626158,4.296649217,0.036437219,0.23879149,0.111674763,0.731861103
MAF,MF,Saint Martin,663,NA,North America,Saint Martin,Latin America and the Caribbean,29160,10.28055319,96,0,1,0,2.594984,2.7334135,2.617535071,2.011342833,2.271655028,200,9.886566864,20.58223752,5.850859375,47.40287809,4.226805556,89.12605534,89.43776451,22.35066783,0.102096882,0.036199286,0.011592741,21.32663983,139.7642378,0.175512851,1.150224324,1.476917266,9.678984487,0.082081468,0.5379213,0.251567732,1.648650356
VCT,VC,Saint Vincent and the Grenadines,670,NA,North America,Saint Vincent and the Grenadines,Latin America and the Caribbean,7361.400962,8.904005542,389,0,1,1,2.594984,2.7334135,2.617535071,2.011342833,2.271655028,200,9.886566864,20.58223752,5.850859375,47.40287809,1.166666667,89.12605534,89.43776451,22.35066783,0.102096882,0.036199286,0.011592741,7.090237741,46.46590751,0.058350863,0.382402665,0.491014742,3.217867496,0.02728874,0.178836888,0.083636008,0.548108988
TTO,TT,"Trinidad and Tobago, Republic of",780,NA,North America,Trinidad and Tobago,Latin America and the Caribbean,17129.91309,9.748581518,5130,0,1,1,2.423196,2.270751,2.382692,2.279717617,3.763029825,259,9.886566864,20.58223752,5.850859375,47.40287809,5.264062562,78.17819887,224.4204256,34.76453177,0.1100535,0.039512107,0.011592741,13.93466545,91.32089777,0.114678772,0.751547889,0.965006591,6.324175388,0.053631411,0.351473716,0.164372457,1.077215696
TCA,TC,Turks and Caicos Islands,796,NA,North America,Turks and Caicos Islands,Latin America and the Caribbean,27142.2278,10.20884602,430,0,1,1,2.594984,2.7334135,2.617535071,2.011342833,2.271655028,200,9.886566864,20.58223752,5.850859375,47.40287809,4.226805556,89.12605534,89.43776451,22.35066783,0.102096882,0.036199286,0.011592741,20.13765108,131.9721943,0.165727775,1.086097776,1.39457715,9.139368131,0.077505316,0.507931466,0.237542494,1.55673589
USA,US,United States of America,840,NA,North America,U.S.A.,Northern America,62794.58565,11.04762413,9529106,0,1,0,3.775142,3.874253,4.045132,0,0.070876689,420,9.886566864,20.58223752,5.850859375,47.40287809,4.029494498,189.55451,9.253929586,7.520285315,0.094919422,0.031403601,0.011592741,39.39400884,258.1688285,0.324202728,2.124664154,2.728122776,17.87876588,0.151618731,0.993634094,0.464689306,3.045343629
ARG,AR,"Argentina, Argentine Republic",32,SA,South America,Argentina,Latin America and the Caribbean,11683.94962,9.365971352,2766889,0,1,0,2.417844,2.777043,2.773509,0.875,6,331.25,9.886566864,20.58223752,5.850859375,47.40287809,7.267882,90.31179539,82.00565637,21.43874018,0.046739022,0.0371315,0.011592741,10.26039687,67.24156075,0.084440471,0.553381036,0.710555316,4.656627715,0.039489973,0.258797732,0.121031011,0.793177317
BOL,BO,"Bolivia, Republic of",68,SA,South America,,Latin America and the Caribbean,3548.59014,8.17430566,1098581,1,0,0,2.318927,2.210882,2.152436,3,3.64,,9.886566864,20.58223752,5.850859375,47.40287809,,76.95688952,252.7920739,36.80962874,0.107024662,0.047285296,0.011592741,3.954914435,25.91855098,0.032547945,0.213303118,0.273886626,1.794917332,0.015221581,0.099754707,0.046651928,0.305733634
BRA,BR,"Brazil, Federative Republic of",76,SA,South America,Brazil,Latin America and the Caribbean,8920.762105,9.09613666,8511920,0,1,0,2.406162,3.090163,2.926983,2.308206721,3.956147076,166.7928571,9.886566864,20.58223752,5.850859375,47.40287809,7.42714125,99.72874895,43.99899703,15.89871805,0.053876767,0.035905209,0.011592741,8.26825734,54.18606468,0.068045666,0.445937606,0.57259522,3.75250556,0.031822674,0.208550047,0.097531855,0.639175488
CHL,CL,"Chile, Republic of",152,SA,South America,Chile,Latin America and the Caribbean,15923.35874,9.675542413,756945,0,1,0,3.274026,3.125072,3.209678,1.225954186,0.30896503,124,9.886566864,20.58223752,5.850859375,47.40287809,4.0907291,100.8852221,41.04841688,15.3775403,0.088233127,0.034679516,0.011592741,13.1437764,86.13780254,0.108169955,0.708892326,0.910235765,5.965234509,0.050587456,0.331525141,0.155043178,1.016076223
COL,CO,"Colombia, Republic of",170,SA,South America,Colombia,Latin America and the Caribbean,6667.7907,8.805043855,1141748,0,1,0,2.612357,2.866024,2.666667,1.98602685,2.158614352,162,9.886566864,20.58223752,5.850859375,47.40287809,5.994444542,92.82168843,68.70723771,19.69258536,0.25675303,0.038243119,0.011592741,6.550553318,42.92908302,0.053909397,0.353295494,0.453640394,2.97293453,0.025211615,0.165224442,0.077269924,0.506388824
ECU,EC,"Ecuador, Republic of",218,SA,South America,Ecuador,Latin America and the Caribbean,6344.871979,8.755402203,275716,0,1,0,2.801656,2.750736,2.721777,1.729997516,1.23775981,192,9.886566864,20.58223752,5.850859375,47.40287809,4.24340275,89.59337796,86.40955022,21.9840459,0.08683235,0.037642026,0.011592741,6.295506979,41.2576356,0.05181043,0.339539905,0.435977868,2.857183076,0.024229999,0.158791414,0.074261413,0.486672533
FLK,FK,Falkland Islands (Malvinas),238,SA,South America,,Latin America and the Caribbean,77692,11.26050757,12173,0,1,1,2.532393455,2.646779364,2.536264636,2.105255317,2.730270361,,9.886566864,20.58223752,5.850859375,47.40287809,,86.85553549,106.2516236,24.27805479,0.090483112,0.039915812,0.011592741,46.70823536,306.1026476,0.384396962,2.51914736,3.234649239,21.19828952,0.179769554,1.178120645,0.550967473,3.610768011
GUF,GF,French Guiana,254,SA,South America,French Guiana,Latin America and the Caribbean,17100,9.746833742,91000,0,1,0,2.532393455,2.646779364,2.536264636,2.105255317,2.730270361,133.3964286,9.886566864,20.58223752,5.850859375,47.40287809,7.267882,86.85553549,106.2516236,24.27805479,0.090483112,0.039915812,0.011592741,13.91519533,91.19330027,0.114518538,0.750497794,0.963658242,6.315338977,0.053556475,0.350982622,0.164142789,1.075710563
GUY,GY,"Guyana, Co-operative Republic of",328,SA,South America,Guyana,Latin America and the Caribbean,4979.002188,8.512984786,214970,0,1,0,2.553678,2.235694,2.089314,2.072837393,2.564763614,65,9.886566864,20.58223752,5.850859375,47.40287809,8.5,77.45809984,240.6226772,35.9478555,0.111201651,0.048924041,0.011592741,5.185686673,33.98442282,0.04267689,0.279683203,0.359120342,2.353496906,0.019958548,0.130798444,0.061170041,0.400878162
PRY,PY,"Paraguay, Republic of",600,SA,South America,,Latin America and the Caribbean,5821.814323,8.669367231,406752,1,0,0,2.64,2.72195,2.547013,1.946400628,1.990231479,,9.886566864,20.58223752,5.850859375,47.40287809,,88.81927401,91.49986852,22.59664256,0.090203329,0.039763964,0.011592741,5.87677548,38.51347668,0.048364376,0.316956171,0.40697978,2.667143964,0.022618395,0.14822976,0.069322082,0.454302603
PER,PE,"Peru, Republic of",604,SA,South America,Peru,Latin America and the Caribbean,6941.235848,8.845235114,1285216,0,1,0,2.529412,2.421468,2.281358,2.109836594,2.754291379,75,9.886566864,20.58223752,5.850859375,47.40287809,1.97262725,81.43952834,166.3059184,30.1051395,0.09990614,0.04434774,0.011592741,6.764595924,44.33181228,0.055670913,0.364839601,0.468463321,3.070076652,0.026035417,0.170623233,0.079794758,0.522935332
SUR,SR,"Suriname, Republic of",740,SA,South America,Suriname,Latin America and the Caribbean,6234.044922,8.737780666,163820,0,1,0,2.532393455,2.646779364,2.536264636,2.105255317,2.730270361,65,9.886566864,20.58223752,5.850859375,47.40287809,2,86.85553549,106.2516236,24.27805479,0.090483112,0.039915812,0.011592741,6.207380402,40.68009765,0.051085171,0.334786914,0.429874906,2.817187288,0.023890819,0.1565686,0.073221878,0.479859931
URY,UY,"Uruguay, Eastern Republic of",858,SA,South America,Uruguay,Latin America and the Caribbean,17277.97011,9.757187565,176215,0,1,0,2.514882,2.708626,2.43324,2.132306349,2.874416106,285,9.886566864,20.58223752,5.850859375,47.40287809,3.090711875,88.46516326,93.95646669,22.88594212,0.093623601,0.041507927,0.011592741,14.03093438,91.95179667,0.115471041,0.756740027,0.971673429,6.36786654,0.054001929,0.353901905,0.165508039,1.08465774
VEN,VE,"Venezuela, Bolivarian Republic of",862,SA,South America,Venezuela,Latin America and the Caribbean,16054.49051,9.683743872,911930,0,1,0,1.787384,2.206915,2.096936,3.624136692,24.36748996,100,9.886566864,20.58223752,5.850859375,47.40287809,5.747343778,76.87739671,254.7940224,36.94931389,0.110671032,0.048718652,0.011592741,13.23029845,86.7048252,0.10888201,0.713558779,0.916227609,6.00450209,0.05092046,0.333707485,0.156063787,1.022764787
AUS,AU,"Australia, Commonwealth of",36,OC,Oceania,Australia,Australia and New Zealand,57373.68668,10.95734106,7686848,0,1,1,3.867186,3.709445,3.968431,0,0.05408273,350,9.886566864,20.58223752,5.850859375,47.40287809,3.171038515,124.0927203,12.84249579,8.801830054,0.077981888,0.041716732,0.028137843,36.64904183,240.1796738,0.301612344,1.976617962,2.538027702,16.63297689,0.141053967,0.92439786,0.432309844,2.833144666
SLB,SB,Solomon Islands,90,OC,Oceania,Solomon Islands,Melanesia,2137.690695,7.667481411,29785,0,1,1,2.773972,2.733442,2.206511,1.765270816,1.34264179,412,9.886566864,20.58223752,5.850859375,47.40287809,4.5625,89.1268205,89.43269616,22.35005965,0.062574732,0.051036507,0.028137843,2.636624676,17.27913263,0.021698754,0.142202891,0.182592126,1.196618386,0.010147779,0.066503518,0.031101463,0.203823586
COK,CK,Cook Islands,184,OC,Oceania,Cook Islands,Polynesia,21884,9.993511055,240,0,1,1,3.0165794,2.9299286,2.9078278,1.479081596,0.658266699,420,9.886566864,20.58223752,5.850859375,47.40287809,4.357986167,94.70307385,60.50850104,18.52696569,0.051549135,0.039990502,0.028137843,16.95093988,111.0880669,0.139501947,0.914226691,1.173890308,7.693095841,0.065240377,0.42755313,0.199952245,1.310388008
FJI,FJ,"Fiji, Republic of the Fiji Islands",242,OC,Oceania,Fiji,Melanesia,6266.967965,8.743047939,18333,0,1,1,2.412106,2.307692,2.402761,2.298225257,3.88765842,230,9.886566864,20.58223752,5.850859375,47.40287809,1.6875,78.95239014,208.5264948,33.55973859,0.057089428,0.046641217,0.028137843,6.233592359,40.85187784,0.051300888,0.336200621,0.431690143,2.829083448,0.023991703,0.157229743,0.073531072,0.481886239
PYF,PF,French Polynesia,258,OC,Oceania,French Polynesia,Polynesia,21197,9.961614941,4167,0,1,1,3.0165794,2.9299286,2.9078278,1.479081596,0.658266699,197.55,9.886566864,20.58223752,5.850859375,47.40287809,3.327880376,94.70307385,60.50850104,18.52696569,0.051549135,0.039990502,0.028137843,16.52387643,108.2893045,0.135987323,0.891193585,1.144315214,7.499275317,0.063596706,0.416781319,0.194914631,1.277373979
KIR,KI,"Kiribati, Republic of",296,OC,Oceania,Kiribati,Micronesia,1625.2861,7.393439141,717,0,1,1,3.0165794,2.9299286,2.9078278,1.479081596,0.658266699,175.1,9.886566864,20.58223752,5.850859375,47.40287809,3,94.70307385,60.50850104,18.52696569,0.051549135,0.039990502,0.028137843,2.117562687,13.87745736,0.017427005,0.114207964,0.146645928,0.961044804,0.008150025,0.05341123,0.024978639,0.163697634
NRU,NR,"Nauru, Republic of",520,OC,Oceania,Nauru,Micronesia,9888.893597,9.199167547,21,0,1,1,3.0165794,2.9299286,2.9078278,1.479081596,0.658266699,197.55,9.886566864,20.58223752,5.850859375,47.40287809,3.327880376,94.70307385,60.50850104,18.52696569,0.051549135,0.039990502,0.028137843,8.978640478,58.84156403,0.07389194,0.484251188,0.621790833,4.07490925,0.03455678,0.226468023,0.105911491,0.694091472
NCL,NC,New Caledonia,540,OC,Oceania,New Caledonia,Melanesia,34942,10.46144482,19060,0,1,1,3.0165794,2.9299286,2.9078278,1.479081596,0.658266699,197.55,9.886566864,20.58223752,5.850859375,47.40287809,3.327880376,94.70307385,60.50850104,18.52696569,0.051549135,0.039990502,0.028137843,24.64737236,161.5266746,0.20284164,1.329323674,1.706885384,11.18608166,0.094862225,0.621680053,0.290738889,1.905358723
VUT,VU,"Vanuatu, Republic of",548,OC,Oceania,Vanuatu,Melanesia,3123.893396,8.046835386,14763,0,1,1,3.0165794,2.9299286,2.9078278,1.479081596,0.658266699,175.1,9.886566864,20.58223752,5.850859375,47.40287809,2.083333333,94.70307385,60.50850104,18.52696569,0.051549135,0.039990502,0.028137843,3.571489542,23.40577408,0.029392456,0.1926236,0.247333598,1.62090194,0.013745865,0.090083591,0.042129071,0.276093072
NZL,NZ,New Zealand,554,OC,Oceania,New Zealand,Australia and New Zealand,41945.33167,10.64412242,268676,0,1,1,3.708625,4.016317,3.990676,0,0.08617409,220,9.886566864,20.58223752,5.850859375,47.40287809,3.484722236,70,6.97660259,6.566388854,0.079382091,0.041975578,0.028137843,28.525898,186.9446113,0.234760925,1.538506863,1.975481916,12.94633034,0.109789803,0.719508007,0.336489739,2.205187141
NIU,NU,Niue,570,OC,Oceania,Niue,Polynesia,15586,9.654128354,260,0,1,1,3.0165794,2.9299286,2.9078278,1.479081596,0.658266699,197.55,9.886566864,20.58223752,5.850859375,47.40287809,3.327880376,94.70307385,60.50850104,18.52696569,0.051549135,0.039990502,0.028137843,12.92052487,84.67472255,0.106332651,0.696851548,0.894775099,5.863912964,0.049728211,0.325894074,0.152409717,0.998817821
MNP,MP,"Northern Mariana Islands, Commonwealth of the",580,OC,Oceania,Northern Mariana Islands,Micronesia,23258.67586,10.0544335,477,0,1,1,3.0165794,2.9299286,2.9078278,1.479081596,0.658266699,114.5,9.886566864,20.58223752,5.850859375,47.40287809,3.999661462,94.70307385,60.50850104,18.52696569,0.051549135,0.039990502,0.028137843,17.79755762,116.6363804,0.146469397,0.959887908,1.23252047,8.077328896,0.06849882,0.448907348,0.209938896,1.375835573
FSM,FM,"Micronesia, Federated States of",583,OC,Oceania,Micronesia,Micronesia,3568.290829,8.179842001,707,0,1,1,3.0165794,2.9299286,2.9078278,1.5,6.72,197.55,9.886566864,20.58223752,5.850859375,47.40287809,3.327880376,94.70307385,60.50850104,18.52696569,0.051549135,0.039990502,0.028137843,3.972469887,26.03360072,0.032692422,0.214249949,0.27510238,1.802884783,0.015289148,0.100197508,0.046859011,0.307090754
MHL,MH,"Marshall Islands, Republic of the",584,OC,Oceania,Marshall Islands,Micronesia,3788.163594,8.239636641,181,0,1,1,3.0165794,2.9299286,2.9078278,1.479081596,0.658266699,114.5,9.886566864,20.58223752,5.850859375,47.40287809,2.5,94.70307385,60.50850104,18.52696569,0.051549135,0.039990502,0.028137843,4.167114172,27.30920299,0.034294296,0.224747833,0.28858193,1.891223078,0.016038291,0.105107016,0.049155023,0.322137679
PLW,PW,"Palau, Republic of",585,OC,Oceania,Palau,Micronesia,15859.43486,9.671519861,487,0,1,1,3.0165794,2.9299286,2.9078278,1.479081596,0.658266699,197.55,9.886566864,20.58223752,5.850859375,47.40287809,4.238095238,94.70307385,60.50850104,18.52696569,0.051549135,0.039990502,0.028137843,13.10154717,85.86105306,0.107822419,0.706614748,0.907311296,5.946068992,0.050424926,0.330459994,0.154545045,1.012811703
PNG,PG,"Papua New Guinea, Independent State of",598,OC,Oceania,Papua New Guinea,Melanesia,2730.274799,7.912157542,462840,0,1,0,2.321008,1.882747,1.97076,2.456053734,5.080726951,156.025,9.886566864,20.58223752,5.850859375,47.40287809,12.125,70.94374091,485.4348911,50.35291918,0.072610191,0.058156047,0.028137843,3.206693911,21.01508414,0.02639028,0.172948827,0.222070689,1.455341342,0.012341848,0.08088236,0.037825964,0.247892641
TON,TO,"Tonga, Kingdom of",776,OC,Oceania,Tonga,Polynesia,4364.015561,8.381147913,748,0,1,1,3.0165794,2.9299286,2.9078278,1.479081596,0.658266699,90.64,9.886566864,20.58223752,5.850859375,47.40287809,2.166666667,94.70307385,60.50850104,18.52696569,0.051549135,0.039990502,0.028137843,4.666609397,30.58264737,0.038405015,0.251687452,0.323173085,2.117916386,0.017960736,0.117705771,0.055047038,0.360751028
TUV,TV,Tuvalu,798,OC,Oceania,Tuvalu,Polynesia,3700.710677,8.216280155,26,0,1,1,3.0165794,2.9299286,2.9078278,1.479081596,0.658266699,197.55,9.886566864,20.58223752,5.850859375,47.40287809,3.327880376,94.70307385,60.50850104,18.52696569,0.051549135,0.039990502,0.028137843,4.089973793,26.80366314,0.03365945,0.220587368,0.283239787,1.856213319,0.015741395,0.103161306,0.048245079,0.316174363
WLF,WF,Wallis and Futuna,876,OC,Oceania,,Polynesia,12848,9.460943436,274,0,1,1,3.0165794,2.9299286,2.9078278,1.479081596,0.658266699,,9.886566864,20.58223752,5.850859375,47.40287809,,94.70307385,60.50850104,18.52696569,0.051549135,0.039990502,0.028137843,11.07033698,72.54950725,0.091106073,0.597064093,0.766645471,5.024214822,0.042607252,0.279226831,0.130585014,0.855789527
WSM,WS,"Samoa, Independent State of",882,OC,Oceania,Samoa,Polynesia,4183.407935,8.338881489,2842,0,1,1,3.0165794,2.9299286,2.9078278,1.479081596,0.658266699,52.53,9.886566864,20.58223752,5.850859375,47.40287809,3.327880376,94.70307385,60.50850104,18.52696569,0.051549135,0.039990502,0.028137843,4.511454601,29.56583967,0.03712813,0.243319382,0.312428271,2.04750019,0.01736358,0.113792306,0.053216841,0.348756827